order_id,customer_id,product_id,quantity,total_price,payment_mode,order_date,order_status
923285,CA-2016-000519,P-00139,3,2241.15,Credit Card,2023-10-24 09:28:10,Pending
905669,CA-2016-000739,P-00596,1,506.1,Cash on Delivery,2024-07-10 09:28:10,Delivered
988172,CA-2016-000854,P-00422,1,815.94,Cash on Delivery,2023-12-18 09:28:10,Cancelled
421444,CA-2016-000192,P-00650,1,893.46,Debit Card,2023-08-28 09:28:10,Pending
371108,CA-2016-000563,P-00103,5,2994.67,Credit Card,2023-11-03 09:28:10,Delivered
532614,CA-2016-000600,P-00770,3,1985.77,PayPal,2023-08-27 09:28:10,Delivered
881041,CA-2016-000334,P-00722,5,4680.82,Cash on Delivery,2024-01-13 09:28:10,Delivered
106933,CA-2016-000003,P-00570,1,181.41,Credit Card,2024-01-31 09:28:10,Pending
895578,CA-2016-000969,P-00444,4,3175.06,PayPal,2024-02-04 09:28:10,Shipped
719867,CA-2016-000914,P-00355,4,3151.41,Credit Card,2023-09-26 09:28:10,Shipped
932286,CA-2016-000840,P-00231,4,3009.38,Cash on Delivery,2024-07-11 09:28:10,Delivered
884542,CA-2016-000954,P-00128,1,253.02,PayPal,2024-04-11 09:28:10,Pending
714511,CA-2016-000725,P-00448,5,3467.9,Cash on Delivery,2023-10-19 09:28:10,Cancelled
996462,CA-2016-000873,P-00640,2,1188.32,Credit Card,2024-06-15 09:28:10,Pending
477232,CA-2016-000102,P-00225,1,921.66,Credit Card,2024-04-09 09:28:10,Pending
953716,CA-2016-000896,P-00081,1,287.1,PayPal,2023-12-01 09:28:10,Pending
261853,CA-2016-000873,P-00107,4,3756.65,Cash on Delivery,2024-08-22 09:28:10,Delivered
632037,CA-2016-000711,P-00055,1,172.71,Debit Card,2024-07-29 09:28:10,Pending
985789,CA-2016-000555,P-00075,3,882.41,PayPal,2024-02-15 09:28:10,Cancelled
153845,CA-2016-000422,P-00212,1,81.8,Cash on Delivery,2024-02-23 09:28:10,Shipped
136814,CA-2016-000524,P-00748,1,41.9,Cash on Delivery,2024-03-25 09:28:10,Shipped
276873,CA-2016-000047,P-00985,4,3355.9,Cash on Delivery,2024-03-31 09:28:10,Delivered
586057,CA-2016-000277,P-00039,5,4183.14,Debit Card,2024-01-30 09:28:10,Shipped
150297,CA-2016-000077,P-00433,3,2462.02,PayPal,2023-09-27 09:28:10,Delivered
566169,CA-2016-000565,P-00277,3,2888.74,Cash on Delivery,2024-02-01 09:28:10,Pending
510760,CA-2016-000784,P-00592,5,3713.31,Debit Card,2024-06-21 09:28:10,Cancelled
579294,CA-2016-000178,P-00931,1,822.19,Credit Card,2023-11-14 09:28:10,Delivered
833022,CA-2016-000238,P-00580,5,432.19,Credit Card,2023-11-30 09:28:10,Delivered
961608,CA-2016-000113,P-00842,2,1746.03,PayPal,2024-04-17 09:28:10,Pending
944576,CA-2016-000844,P-00891,1,170.52,Debit Card,2023-12-15 09:28:10,Delivered
654506,CA-2016-000591,P-00645,3,1508.24,Cash on Delivery,2024-03-02 09:28:10,Pending
871196,CA-2016-000376,P-00578,3,2687.86,Credit Card,2023-11-19 09:28:10,Shipped
717947,CA-2016-000372,P-00572,4,2704.32,Debit Card,2024-01-06 09:28:10,Cancelled
261895,CA-2016-000531,P-00385,1,103.64,Cash on Delivery,2024-01-26 09:28:10,Pending
393630,CA-2016-000274,P-00197,1,167.47,PayPal,2023-11-19 09:28:10,Shipped
226277,CA-2016-000797,P-00921,5,4562.35,Cash on Delivery,2023-12-01 09:28:10,Cancelled
694057,CA-2016-000864,P-00189,4,2368.86,Cash on Delivery,2024-05-13 09:28:10,Cancelled
245359,CA-2016-000153,P-00122,4,3422.89,Debit Card,2024-01-29 09:28:10,Pending
722724,CA-2016-000239,P-00328,5,1154.17,Debit Card,2024-05-04 09:28:10,Shipped
818573,CA-2016-000943,P-00611,2,174.93,Cash on Delivery,2023-09-01 09:28:10,Cancelled
352568,CA-2016-000329,P-00842,3,1377.57,Cash on Delivery,2023-11-13 09:28:10,Delivered
538181,CA-2016-000346,P-00474,5,1617.33,Debit Card,2024-05-17 09:28:10,Cancelled
721101,CA-2016-000476,P-00972,4,180.2,PayPal,2023-12-13 09:28:10,Pending
404140,CA-2016-000531,P-00008,2,1572.68,Debit Card,2024-02-18 09:28:10,Shipped
304744,CA-2016-000110,P-00185,2,753.57,Credit Card,2024-02-16 09:28:10,Cancelled
790481,CA-2016-000072,P-00593,4,1038.6,PayPal,2024-07-28 09:28:10,Delivered
116866,CA-2016-000098,P-00242,2,93.17,Debit Card,2024-08-16 09:28:10,Pending
181052,CA-2016-000340,P-00769,1,653.28,Cash on Delivery,2023-10-27 09:28:10,Cancelled
314896,CA-2016-000855,P-00696,2,855.25,Debit Card,2024-01-13 09:28:10,Pending
235243,CA-2016-000860,P-00474,3,2708.6,Credit Card,2024-03-12 09:28:10,Cancelled
886869,CA-2016-000008,P-00978,1,552.87,Cash on Delivery,2024-07-29 09:28:10,Cancelled
638426,CA-2016-000386,P-00375,5,4104.84,PayPal,2023-10-26 09:28:10,Shipped
451795,CA-2016-000436,P-00471,4,519.19,Credit Card,2024-04-13 09:28:10,Cancelled
178055,CA-2016-000115,P-00675,3,1662.49,PayPal,2023-11-30 09:28:10,Pending
752412,CA-2016-000866,P-00243,4,880.02,Debit Card,2024-08-17 09:28:10,Delivered
455486,CA-2016-000400,P-00650,1,327.27,Credit Card,2023-11-26 09:28:10,Delivered
647172,CA-2016-000655,P-00586,1,329.25,PayPal,2024-06-30 09:28:10,Shipped
680692,CA-2016-000495,P-00503,2,909.94,PayPal,2024-08-25 09:28:10,Cancelled
933097,CA-2016-000983,P-00948,3,1589.7,PayPal,2024-04-21 09:28:10,Delivered
381403,CA-2016-000503,P-00883,4,1724.4,Credit Card,2024-01-31 09:28:10,Cancelled
851303,CA-2016-000422,P-00500,4,2088.26,Credit Card,2023-10-06 09:28:10,Shipped
971022,CA-2016-000068,P-00760,2,1125.25,PayPal,2024-07-06 09:28:10,Cancelled
131010,CA-2016-000575,P-00906,1,373.8,Debit Card,2023-10-08 09:28:10,Shipped
666633,CA-2016-000599,P-00350,2,785.72,Credit Card,2024-08-23 09:28:10,Delivered
967138,CA-2016-000871,P-00677,2,876.02,Debit Card,2023-10-08 09:28:10,Cancelled
518028,CA-2016-000017,P-00044,4,978.95,Debit Card,2024-04-09 09:28:10,Shipped
971393,CA-2016-000834,P-00491,1,149.9,Cash on Delivery,2024-01-07 09:28:10,Delivered
262416,CA-2016-000168,P-00614,2,793.56,PayPal,2023-11-22 09:28:10,Delivered
638507,CA-2016-000390,P-00276,1,513.64,Debit Card,2024-05-10 09:28:10,Cancelled
156484,CA-2016-000307,P-00312,5,4307.17,PayPal,2023-11-07 09:28:10,Pending
421322,CA-2016-000991,P-00849,2,763.17,Debit Card,2024-08-21 09:28:10,Delivered
636211,CA-2016-000233,P-00004,5,3003.84,PayPal,2023-12-18 09:28:10,Cancelled
863969,CA-2016-000952,P-00056,2,922.28,PayPal,2024-06-07 09:28:10,Cancelled
744928,CA-2016-000671,P-00977,1,565.55,PayPal,2023-09-25 09:28:10,Cancelled
303742,CA-2016-000796,P-00567,5,3420.59,PayPal,2023-12-20 09:28:10,Pending
275416,CA-2016-000667,P-00457,1,94.6,Debit Card,2023-09-19 09:28:10,Cancelled
750837,CA-2016-000883,P-00903,1,540.46,Debit Card,2024-01-07 09:28:10,Pending
100932,CA-2016-000354,P-00595,5,1787.11,Credit Card,2024-08-14 09:28:10,Cancelled
630373,CA-2016-000894,P-00169,3,532.23,Cash on Delivery,2024-08-03 09:28:10,Delivered
165498,CA-2016-000172,P-00420,1,105.27,PayPal,2023-09-10 09:28:10,Pending
916396,CA-2016-000844,P-00030,5,271.07,PayPal,2023-12-12 09:28:10,Pending
107602,CA-2016-000193,P-00899,1,294.97,Debit Card,2024-06-09 09:28:10,Cancelled
951949,CA-2016-000356,P-00185,3,2173.32,Credit Card,2023-12-01 09:28:10,Delivered
103009,CA-2016-000497,P-00091,5,1457.23,Credit Card,2023-09-09 09:28:10,Shipped
755516,CA-2016-000246,P-00737,5,2709.52,Cash on Delivery,2024-02-15 09:28:10,Shipped
159117,CA-2016-000732,P-00397,4,1001.81,Cash on Delivery,2023-11-04 09:28:10,Pending
684359,CA-2016-000968,P-00417,3,2924.02,PayPal,2023-09-17 09:28:10,Pending
551906,CA-2016-000627,P-00343,1,261.51,PayPal,2024-07-18 09:28:10,Shipped
954576,CA-2016-000450,P-00974,5,1237.7,Credit Card,2024-06-27 09:28:10,Shipped
832317,CA-2016-000910,P-00045,1,873.54,Credit Card,2023-09-19 09:28:10,Delivered
866927,CA-2016-000243,P-00087,4,2857.56,Credit Card,2023-09-23 09:28:10,Shipped
406831,CA-2016-000901,P-00096,3,2035.64,Debit Card,2023-09-24 09:28:10,Cancelled
415688,CA-2016-000174,P-00083,1,786.43,Credit Card,2024-04-05 09:28:10,Cancelled
651946,CA-2016-000188,P-00896,5,2858.64,Debit Card,2024-05-02 09:28:10,Pending
712755,CA-2016-000165,P-00613,3,758.5,Cash on Delivery,2024-08-07 09:28:10,Shipped
486959,CA-2016-000286,P-00151,2,75.89,Credit Card,2024-06-03 09:28:10,Cancelled
674337,CA-2016-000010,P-00019,1,223.27,Credit Card,2023-10-02 09:28:10,Shipped
585776,CA-2016-000884,P-00782,2,859.56,PayPal,2024-07-31 09:28:10,Cancelled
631837,CA-2016-000729,P-00501,5,968.19,PayPal,2024-05-18 09:28:10,Shipped
646344,CA-2016-000709,P-00177,1,282.9,Cash on Delivery,2024-05-06 09:28:10,Cancelled
771825,CA-2016-000550,P-00067,3,2860.76,Cash on Delivery,2024-05-09 09:28:10,Shipped
779201,CA-2016-000551,P-00374,3,1643.42,Cash on Delivery,2023-09-29 09:28:10,Shipped
779021,CA-2016-000359,P-00576,5,608.07,PayPal,2024-02-13 09:28:10,Cancelled
470587,CA-2016-000817,P-00818,3,329.75,PayPal,2024-08-02 09:28:10,Pending
182023,CA-2016-000548,P-00753,2,581.83,PayPal,2024-03-29 09:28:10,Cancelled
621021,CA-2016-000003,P-00865,5,2751.85,PayPal,2024-08-03 09:28:10,Cancelled
538607,CA-2016-000563,P-00374,2,159.83,PayPal,2024-04-03 09:28:10,Cancelled
964846,CA-2016-000113,P-00960,3,2701.9,Cash on Delivery,2023-11-25 09:28:10,Pending
201064,CA-2016-000426,P-00470,3,682.5,Credit Card,2023-10-09 09:28:10,Cancelled
611507,CA-2016-000460,P-00370,1,212.31,Credit Card,2024-04-12 09:28:10,Delivered
588314,CA-2016-000453,P-00337,2,1683.07,Debit Card,2024-05-30 09:28:10,Cancelled
321931,CA-2016-000310,P-00245,4,1351.97,Credit Card,2024-01-04 09:28:10,Pending
714621,CA-2016-000081,P-00757,1,25.48,Debit Card,2024-02-14 09:28:10,Delivered
754311,CA-2016-000069,P-00016,4,1696.79,Credit Card,2024-02-08 09:28:10,Shipped
653537,CA-2016-000046,P-00867,5,2817.91,Debit Card,2024-03-28 09:28:10,Cancelled
557194,CA-2016-000370,P-00807,2,26.71,Cash on Delivery,2024-04-16 09:28:10,Delivered
138555,CA-2016-000890,P-00662,4,3051.09,Credit Card,2024-01-27 09:28:10,Shipped
952741,CA-2016-000120,P-00784,5,931.41,Credit Card,2024-01-04 09:28:10,Shipped
517447,CA-2016-000348,P-00139,3,1846.89,Cash on Delivery,2024-07-22 09:28:10,Cancelled
965252,CA-2016-000497,P-00964,4,1058.56,PayPal,2023-11-11 09:28:10,Shipped
931773,CA-2016-000472,P-00123,4,245.43,Cash on Delivery,2024-05-27 09:28:10,Delivered
549663,CA-2016-000101,P-00923,1,351.92,Debit Card,2024-05-29 09:28:10,Delivered
264383,CA-2016-000213,P-00648,1,220.6,PayPal,2023-10-05 09:28:10,Cancelled
892935,CA-2016-000523,P-00090,3,1950.47,PayPal,2024-01-18 09:28:10,Shipped
856494,CA-2016-000200,P-00914,2,1289.74,PayPal,2024-04-27 09:28:10,Delivered
518786,CA-2016-000583,P-00204,2,1852.73,Debit Card,2024-02-07 09:28:10,Pending
314854,CA-2016-000554,P-00322,5,3207.19,Cash on Delivery,2024-02-29 09:28:10,Shipped
843341,CA-2016-000973,P-00989,5,1060.31,Debit Card,2024-05-30 09:28:10,Cancelled
520083,CA-2016-000396,P-00793,5,934.5,Credit Card,2023-11-26 09:28:10,Shipped
737028,CA-2016-000029,P-00255,2,189.32,Cash on Delivery,2024-01-11 09:28:10,Shipped
605003,CA-2016-000651,P-00863,4,1544.69,Debit Card,2023-10-08 09:28:10,Delivered
301638,CA-2016-000535,P-00582,5,3061.58,Cash on Delivery,2024-06-04 09:28:10,Cancelled
680392,CA-2016-000095,P-00549,2,1811.79,Credit Card,2024-04-12 09:28:10,Cancelled
914867,CA-2016-000258,P-00465,2,1305.68,Credit Card,2024-01-30 09:28:10,Delivered
702808,CA-2016-000897,P-00881,1,462.21,Credit Card,2023-11-06 09:28:10,Pending
345015,CA-2016-000310,P-00700,1,371.45,Credit Card,2024-01-16 09:28:10,Cancelled
338143,CA-2016-000199,P-00585,4,2340.02,Credit Card,2023-11-05 09:28:10,Shipped
793988,CA-2016-000851,P-00041,5,237.24,Credit Card,2024-05-16 09:28:10,Cancelled
840358,CA-2016-000345,P-00970,3,1291.76,Credit Card,2024-04-16 09:28:10,Cancelled
422050,CA-2016-000028,P-00366,3,2495.89,Debit Card,2024-05-02 09:28:10,Delivered
663043,CA-2016-000445,P-00159,4,750.23,Debit Card,2024-04-05 09:28:10,Delivered
941891,CA-2016-000237,P-00719,3,2039.76,PayPal,2024-04-02 09:28:10,Delivered
523584,CA-2016-000507,P-00059,1,965.99,Debit Card,2023-10-11 09:28:10,Delivered
473913,CA-2016-000109,P-00131,1,354.03,Cash on Delivery,2023-12-11 09:28:10,Pending
647985,CA-2016-000815,P-00841,5,79.56,Credit Card,2024-06-14 09:28:10,Shipped
211365,CA-2016-000890,P-00415,5,449.02,Debit Card,2023-10-26 09:28:10,Delivered
457931,CA-2016-000980,P-00135,2,404.58,Credit Card,2024-05-09 09:28:10,Delivered
523391,CA-2016-000176,P-00955,3,1655.62,Cash on Delivery,2024-01-21 09:28:10,Cancelled
732339,CA-2016-000269,P-00027,4,2270.73,Credit Card,2024-01-19 09:28:10,Cancelled
228774,CA-2016-000671,P-00392,4,3025.02,Cash on Delivery,2024-07-03 09:28:10,Delivered
492213,CA-2016-000380,P-00343,3,978.84,Cash on Delivery,2023-11-20 09:28:10,Pending
755400,CA-2016-000496,P-00179,2,692.25,Cash on Delivery,2024-08-06 09:28:10,Shipped
646290,CA-2016-000539,P-00238,3,2923.01,PayPal,2023-12-29 09:28:10,Delivered
309964,CA-2016-000279,P-00126,5,4098.46,Credit Card,2024-01-06 09:28:10,Delivered
634587,CA-2016-000588,P-00203,5,1239.94,Credit Card,2023-10-12 09:28:10,Delivered
117968,CA-2016-000182,P-00529,3,665.63,Credit Card,2024-01-11 09:28:10,Delivered
720945,CA-2016-000168,P-00119,3,1364.34,Debit Card,2024-01-31 09:28:10,Cancelled
438908,CA-2016-000148,P-00335,5,824.93,Credit Card,2024-08-11 09:28:10,Cancelled
464437,CA-2016-000662,P-00633,1,705.75,Cash on Delivery,2024-06-21 09:28:10,Delivered
984601,CA-2016-000360,P-00291,2,449.32,Cash on Delivery,2023-09-03 09:28:10,Delivered
410790,CA-2016-000507,P-00740,4,3368.06,Credit Card,2023-09-16 09:28:10,Cancelled
832899,CA-2016-000656,P-00642,1,802.76,Credit Card,2024-07-27 09:28:10,Delivered
126762,CA-2016-000606,P-00850,3,1157.9,Credit Card,2024-06-27 09:28:10,Delivered
724694,CA-2016-000733,P-00658,1,484.88,Cash on Delivery,2023-11-04 09:28:10,Shipped
751464,CA-2016-000690,P-00160,5,4596.62,Credit Card,2023-10-23 09:28:10,Delivered
604989,CA-2016-000894,P-00378,2,140.65,PayPal,2024-04-12 09:28:10,Pending
928376,CA-2016-000058,P-00860,1,572.26,PayPal,2024-03-31 09:28:10,Cancelled
511917,CA-2016-000379,P-00674,1,399.97,Debit Card,2024-03-11 09:28:10,Pending
337880,CA-2016-000767,P-00218,1,664.85,PayPal,2023-11-29 09:28:10,Pending
765116,CA-2016-000684,P-00609,1,695.03,PayPal,2023-12-28 09:28:10,Pending
823010,CA-2016-000613,P-00370,2,1433.69,Cash on Delivery,2023-10-02 09:28:10,Delivered
284999,CA-2016-000783,P-00892,1,814.65,PayPal,2024-03-29 09:28:10,Cancelled
909373,CA-2016-000023,P-00700,5,1017.5,Cash on Delivery,2024-06-21 09:28:10,Delivered
495747,CA-2016-000630,P-00422,1,329.71,Credit Card,2024-07-06 09:28:10,Shipped
910408,CA-2016-000234,P-00790,3,2523.01,Cash on Delivery,2024-04-19 09:28:10,Pending
605080,CA-2016-000043,P-00468,2,1114.67,Debit Card,2023-11-03 09:28:10,Delivered
326422,CA-2016-000382,P-00719,2,982.01,Debit Card,2024-01-30 09:28:10,Shipped
296100,CA-2016-000702,P-00578,5,820.02,PayPal,2023-09-28 09:28:10,Shipped
812658,CA-2016-000661,P-00914,1,140.17,Cash on Delivery,2023-10-04 09:28:10,Cancelled
401077,CA-2016-000939,P-00966,2,1382.17,Cash on Delivery,2023-11-04 09:28:10,Shipped
598339,CA-2016-000148,P-00286,1,983.48,Cash on Delivery,2023-09-15 09:28:10,Cancelled
636059,CA-2016-000354,P-00070,1,39.02,Credit Card,2024-02-24 09:28:10,Pending
230588,CA-2016-000303,P-00175,3,282.92,PayPal,2023-12-18 09:28:10,Pending
910224,CA-2016-000964,P-00283,3,2596.5,Cash on Delivery,2024-03-03 09:28:10,Delivered
880592,CA-2016-000030,P-00563,5,112.06,PayPal,2024-05-18 09:28:10,Shipped
969228,CA-2016-000450,P-00756,1,240.5,Debit Card,2023-10-13 09:28:10,Pending
740249,CA-2016-000862,P-00848,4,50.39,Cash on Delivery,2024-05-16 09:28:10,Pending
369552,CA-2016-000449,P-00567,1,47.28,Cash on Delivery,2024-04-06 09:28:10,Pending
817031,CA-2016-000279,P-00737,4,1835.85,PayPal,2023-12-22 09:28:10,Shipped
500798,CA-2016-000185,P-00304,2,1205.5,PayPal,2024-03-14 09:28:10,Pending
556686,CA-2016-000220,P-00921,3,2847.38,Credit Card,2024-04-07 09:28:10,Pending
417687,CA-2016-000417,P-00014,2,565.43,Debit Card,2024-04-20 09:28:10,Shipped
840231,CA-2016-000251,P-00197,5,934.37,Cash on Delivery,2024-07-19 09:28:10,Cancelled
413368,CA-2016-000770,P-00917,1,564.2,Credit Card,2024-06-12 09:28:10,Cancelled
459313,CA-2016-000797,P-00176,4,1921.16,Debit Card,2024-01-11 09:28:10,Delivered
424166,CA-2016-000034,P-00004,2,1249.87,PayPal,2024-05-14 09:28:10,Delivered
665489,CA-2016-000234,P-00339,3,377.86,PayPal,2024-02-15 09:28:10,Delivered
108255,CA-2016-000719,P-00103,5,1851.49,PayPal,2024-07-31 09:28:10,Delivered
275041,CA-2016-000524,P-00865,1,761.33,PayPal,2023-10-02 09:28:10,Cancelled
269992,CA-2016-000187,P-00559,4,1772.33,Credit Card,2024-07-08 09:28:10,Pending
732558,CA-2016-000373,P-00006,4,2141.73,Debit Card,2024-01-15 09:28:10,Shipped
489650,CA-2016-000997,P-00082,5,4602.45,Debit Card,2024-06-29 09:28:10,Delivered
930354,CA-2016-000117,P-00403,4,2286.93,Credit Card,2023-09-14 09:28:10,Shipped
111592,CA-2016-000003,P-00410,1,58.38,Credit Card,2024-03-29 09:28:10,Cancelled
324776,CA-2016-000566,P-00708,1,66.84,PayPal,2024-02-17 09:28:10,Shipped
549786,CA-2016-000250,P-00064,2,1174.49,Cash on Delivery,2024-02-09 09:28:10,Delivered
490760,CA-2016-000189,P-00223,1,314.48,PayPal,2023-12-16 09:28:10,Delivered
263764,CA-2016-000506,P-00109,3,928.58,Cash on Delivery,2023-10-12 09:28:10,Delivered
594703,CA-2016-000537,P-00464,1,837.88,PayPal,2024-01-10 09:28:10,Pending
218783,CA-2016-000391,P-00563,3,2844.71,Cash on Delivery,2023-09-18 09:28:10,Delivered
149923,CA-2016-000332,P-00164,5,884.82,Cash on Delivery,2024-06-05 09:28:10,Cancelled
275207,CA-2016-000097,P-00779,5,610.94,Debit Card,2024-07-07 09:28:10,Delivered
449798,CA-2016-000356,P-00734,4,2571.64,PayPal,2024-07-09 09:28:10,Cancelled
229528,CA-2016-000902,P-00333,1,480.01,Credit Card,2023-09-17 09:28:10,Delivered
410264,CA-2016-000888,P-00369,3,1402.17,Credit Card,2024-08-14 09:28:10,Delivered
988810,CA-2016-000127,P-00286,3,2654.06,Credit Card,2023-09-20 09:28:10,Shipped
654503,CA-2016-000376,P-00601,2,1765.18,Debit Card,2024-02-08 09:28:10,Cancelled
783867,CA-2016-000192,P-00750,2,1831.26,Credit Card,2024-05-13 09:28:10,Delivered
204043,CA-2016-000658,P-00527,3,173.64,Debit Card,2024-05-21 09:28:10,Shipped
814286,CA-2016-000512,P-00949,5,3688.89,PayPal,2024-03-21 09:28:10,Delivered
701211,CA-2016-000989,P-00092,3,90.6,Debit Card,2023-11-20 09:28:10,Pending
165839,CA-2016-000036,P-00687,5,957.5,Debit Card,2024-01-12 09:28:10,Pending
271157,CA-2016-000251,P-00122,3,1775.58,PayPal,2023-11-29 09:28:10,Cancelled
231246,CA-2016-000703,P-00219,3,2080.42,Debit Card,2023-12-22 09:28:10,Cancelled
455913,CA-2016-000198,P-00798,3,2616.14,Cash on Delivery,2024-02-24 09:28:10,Shipped
510438,CA-2016-000600,P-00449,5,1595.94,Cash on Delivery,2024-08-08 09:28:10,Delivered
856226,CA-2016-000202,P-00970,5,1759.63,Debit Card,2024-05-26 09:28:10,Pending
217370,CA-2016-000566,P-00018,3,2216.39,Credit Card,2023-12-15 09:28:10,Delivered
947016,CA-2016-000636,P-00825,5,3431.4,PayPal,2023-12-20 09:28:10,Cancelled
131203,CA-2016-000462,P-00698,3,1739.5,Cash on Delivery,2024-02-12 09:28:10,Pending
808982,CA-2016-000982,P-00456,3,1530.62,Cash on Delivery,2024-06-24 09:28:10,Shipped
766767,CA-2016-000953,P-00635,2,1359.56,Credit Card,2023-10-28 09:28:10,Delivered
297680,CA-2016-000341,P-00830,3,2142.1,Cash on Delivery,2023-10-24 09:28:10,Shipped
282800,CA-2016-000328,P-00295,2,1900.98,Debit Card,2023-12-17 09:28:10,Pending
622201,CA-2016-000174,P-00752,3,2485.72,Debit Card,2024-04-04 09:28:10,Cancelled
349223,CA-2016-000490,P-00969,5,3159.03,Debit Card,2023-10-09 09:28:10,Delivered
834468,CA-2016-000429,P-00880,5,1340.03,PayPal,2023-11-09 09:28:10,Cancelled
772499,CA-2016-000701,P-00162,2,461.31,Credit Card,2024-03-30 09:28:10,Shipped
654229,CA-2016-000901,P-00981,3,2767.32,Credit Card,2024-07-09 09:28:10,Shipped
935221,CA-2016-000620,P-00433,2,1809.26,Cash on Delivery,2024-06-18 09:28:10,Cancelled
273029,CA-2016-000179,P-00948,3,1941.56,PayPal,2024-01-11 09:28:10,Pending
501974,CA-2016-000532,P-00059,4,1329.2,Cash on Delivery,2024-06-21 09:28:10,Shipped
955829,CA-2016-000297,P-00829,3,1957.7,Debit Card,2024-02-25 09:28:10,Pending
406470,CA-2016-000249,P-00867,1,344.62,Cash on Delivery,2024-05-10 09:28:10,Delivered
478056,CA-2016-000263,P-00014,2,961.85,Credit Card,2024-07-06 09:28:10,Shipped
174447,CA-2016-000040,P-00966,3,1422.82,Credit Card,2024-08-12 09:28:10,Shipped
324480,CA-2016-000223,P-00818,1,386.47,PayPal,2024-04-10 09:28:10,Pending
640584,CA-2016-000058,P-00879,2,1250.89,Credit Card,2024-03-19 09:28:10,Shipped
387617,CA-2016-000162,P-00635,4,2441.79,Debit Card,2023-09-03 09:28:10,Delivered
458468,CA-2016-000736,P-00802,2,43.67,PayPal,2024-04-18 09:28:10,Delivered
343637,CA-2016-000593,P-00487,4,3618.78,Debit Card,2023-11-30 09:28:10,Delivered
202164,CA-2016-000647,P-00052,2,1331.28,PayPal,2024-08-04 09:28:10,Shipped
859726,CA-2016-000119,P-00818,5,4303.56,Debit Card,2024-03-04 09:28:10,Shipped
647677,CA-2016-000343,P-00891,4,1790.84,Debit Card,2024-07-23 09:28:10,Pending
383765,CA-2016-000815,P-00090,5,3569.0,Debit Card,2023-12-15 09:28:10,Delivered
157437,CA-2016-000449,P-00430,1,429.9,PayPal,2023-10-26 09:28:10,Delivered
934285,CA-2016-000581,P-00626,3,511.45,Debit Card,2024-02-18 09:28:10,Shipped
214404,CA-2016-000554,P-00979,2,1427.93,Cash on Delivery,2024-02-08 09:28:10,Cancelled
384909,CA-2016-000667,P-00580,5,4391.15,Cash on Delivery,2024-05-12 09:28:10,Pending
792148,CA-2016-000977,P-00578,3,1274.22,Credit Card,2024-02-23 09:28:10,Pending
652653,CA-2016-000882,P-00028,4,395.5,Debit Card,2024-06-09 09:28:10,Pending
401227,CA-2016-000708,P-00211,3,917.71,Credit Card,2024-07-24 09:28:10,Cancelled
897892,CA-2016-000154,P-00520,3,452.55,Cash on Delivery,2023-11-29 09:28:10,Shipped
870261,CA-2016-000160,P-00336,5,334.79,Cash on Delivery,2023-11-24 09:28:10,Pending
695726,CA-2016-000509,P-00096,5,2129.68,Debit Card,2024-03-14 09:28:10,Cancelled
261622,CA-2016-000623,P-00955,4,2075.78,PayPal,2024-05-23 09:28:10,Pending
222377,CA-2016-000850,P-00445,3,787.9,Cash on Delivery,2024-03-24 09:28:10,Pending
391341,CA-2016-000498,P-00118,3,1348.66,PayPal,2024-07-05 09:28:10,Cancelled
865001,CA-2016-000371,P-00099,2,1099.77,Credit Card,2024-08-20 09:28:10,Delivered
198260,CA-2016-000463,P-00639,1,193.42,PayPal,2024-05-09 09:28:10,Cancelled
164308,CA-2016-000969,P-00710,4,3406.05,Credit Card,2024-04-18 09:28:10,Delivered
493869,CA-2016-000359,P-00705,4,696.82,PayPal,2024-08-01 09:28:10,Cancelled
807747,CA-2016-000148,P-00785,3,2750.3,Cash on Delivery,2024-01-31 09:28:10,Pending
297402,CA-2016-000815,P-00586,4,52.56,Credit Card,2024-03-14 09:28:10,Delivered
293421,CA-2016-000027,P-00839,3,2960.96,Debit Card,2024-03-19 09:28:10,Delivered
415924,CA-2016-000903,P-00340,2,1847.87,Debit Card,2024-01-09 09:28:10,Cancelled
746925,CA-2016-000812,P-00469,1,178.3,Cash on Delivery,2023-11-18 09:28:10,Cancelled
385843,CA-2016-000338,P-00749,1,872.95,Debit Card,2023-09-06 09:28:10,Delivered
375581,CA-2016-000593,P-00181,5,2313.61,PayPal,2024-06-14 09:28:10,Delivered
919920,CA-2016-000383,P-00933,3,2383.24,Debit Card,2024-02-01 09:28:10,Shipped
623943,CA-2016-000658,P-00499,5,2113.46,PayPal,2023-11-02 09:28:10,Cancelled
212292,CA-2016-000876,P-00244,3,1568.29,Credit Card,2023-09-20 09:28:10,Pending
960352,CA-2016-000569,P-00137,4,481.01,Cash on Delivery,2023-11-17 09:28:10,Cancelled
167151,CA-2016-000830,P-00094,3,845.92,Cash on Delivery,2023-09-05 09:28:10,Pending
465225,CA-2016-000917,P-00242,3,1874.17,Debit Card,2024-02-27 09:28:10,Cancelled
681555,CA-2016-000364,P-00096,3,675.38,PayPal,2023-09-15 09:28:10,Delivered
217880,CA-2016-000551,P-00078,4,3334.68,PayPal,2023-12-28 09:28:10,Shipped
292596,CA-2016-000380,P-00816,3,131.36,Cash on Delivery,2024-07-11 09:28:10,Delivered
917482,CA-2016-000559,P-00222,5,4729.03,Credit Card,2024-02-08 09:28:10,Shipped
535385,CA-2016-000346,P-00892,3,1306.28,PayPal,2023-09-15 09:28:10,Delivered
489525,CA-2016-000959,P-00945,1,710.58,Debit Card,2024-08-03 09:28:10,Delivered
496302,CA-2016-000823,P-00829,5,776.94,Credit Card,2023-10-06 09:28:10,Delivered
252771,CA-2016-000730,P-00036,5,994.1,Credit Card,2024-07-30 09:28:10,Pending
122704,CA-2016-000109,P-00086,2,234.87,Credit Card,2023-11-15 09:28:10,Shipped
797776,CA-2016-000082,P-00531,1,82.42,Cash on Delivery,2024-01-06 09:28:10,Pending
753867,CA-2016-000632,P-00373,2,1092.89,Credit Card,2023-10-01 09:28:10,Cancelled
964342,CA-2016-000055,P-00147,1,959.07,PayPal,2024-03-07 09:28:10,Delivered
431961,CA-2016-000409,P-00411,3,1454.73,Debit Card,2024-07-03 09:28:10,Cancelled
178685,CA-2016-000955,P-00410,5,2834.97,PayPal,2023-12-08 09:28:10,Shipped
421997,CA-2016-000267,P-00231,1,549.81,Cash on Delivery,2023-12-04 09:28:10,Cancelled
456024,CA-2016-000259,P-00575,4,3045.41,Credit Card,2024-04-24 09:28:10,Cancelled
741912,CA-2016-000067,P-00432,2,346.8,Cash on Delivery,2023-11-13 09:28:10,Delivered
837107,CA-2016-000467,P-00639,2,1596.93,Cash on Delivery,2023-09-27 09:28:10,Shipped
481967,CA-2016-000118,P-00343,3,2291.9,Debit Card,2024-07-07 09:28:10,Shipped
171177,CA-2016-000389,P-00127,4,1683.35,PayPal,2024-07-15 09:28:10,Delivered
545022,CA-2016-000009,P-00373,4,3011.83,Debit Card,2024-07-12 09:28:10,Delivered
864390,CA-2016-000094,P-00782,3,1487.39,Credit Card,2024-03-14 09:28:10,Shipped
247705,CA-2016-000873,P-00878,4,3557.97,Cash on Delivery,2023-11-17 09:28:10,Shipped
164911,CA-2016-000519,P-00855,3,710.54,Credit Card,2024-01-13 09:28:10,Pending
842867,CA-2016-000146,P-00890,3,1083.8,Cash on Delivery,2023-09-09 09:28:10,Cancelled
166218,CA-2016-000091,P-00095,3,2549.01,Cash on Delivery,2023-09-21 09:28:10,Delivered
549306,CA-2016-000931,P-00163,2,1208.02,Debit Card,2024-07-19 09:28:10,Pending
328314,CA-2016-000356,P-00150,3,2940.14,Cash on Delivery,2023-12-02 09:28:10,Shipped
864087,CA-2016-000672,P-00687,4,2271.43,Cash on Delivery,2024-08-13 09:28:10,Cancelled
317928,CA-2016-000394,P-00622,5,243.26,Credit Card,2024-03-14 09:28:10,Shipped
791021,CA-2016-000125,P-00237,5,2534.72,Cash on Delivery,2023-12-22 09:28:10,Pending
436475,CA-2016-000602,P-00934,1,928.0,Credit Card,2024-03-01 09:28:10,Cancelled
323533,CA-2016-000856,P-00199,2,170.8,PayPal,2024-03-07 09:28:10,Pending
147028,CA-2016-000491,P-00925,5,2558.53,PayPal,2024-03-17 09:28:10,Delivered
715326,CA-2016-000495,P-00446,2,426.88,PayPal,2023-11-17 09:28:10,Cancelled
735617,CA-2016-000631,P-00076,3,2890.29,Debit Card,2023-11-22 09:28:10,Pending
697389,CA-2016-000934,P-00016,4,656.97,Debit Card,2023-12-04 09:28:10,Shipped
112334,CA-2016-000175,P-00780,5,2221.14,Debit Card,2023-10-08 09:28:10,Cancelled
472149,CA-2016-000816,P-00253,3,2646.19,PayPal,2024-05-21 09:28:10,Pending
434310,CA-2016-000297,P-00020,5,999.14,Cash on Delivery,2024-08-14 09:28:10,Cancelled
663968,CA-2016-000919,P-00025,1,669.31,Cash on Delivery,2024-06-04 09:28:10,Delivered
217746,CA-2016-000973,P-00788,2,762.42,Cash on Delivery,2023-09-25 09:28:10,Delivered
935141,CA-2016-000278,P-00311,4,1752.04,Cash on Delivery,2023-09-14 09:28:10,Shipped
288173,CA-2016-000866,P-00434,4,2642.18,Credit Card,2024-06-11 09:28:10,Cancelled
188142,CA-2016-000382,P-00601,4,820.19,Credit Card,2024-04-13 09:28:10,Pending
775405,CA-2016-000701,P-00535,4,914.27,PayPal,2024-02-26 09:28:10,Pending
988947,CA-2016-000207,P-00173,1,355.66,Debit Card,2023-10-11 09:28:10,Delivered
867782,CA-2016-000810,P-00892,3,102.93,Credit Card,2023-11-06 09:28:10,Cancelled
266545,CA-2016-000592,P-00985,5,972.3,Cash on Delivery,2024-08-17 09:28:10,Delivered
663983,CA-2016-000620,P-00984,2,1730.72,Cash on Delivery,2023-11-19 09:28:10,Delivered
478114,CA-2016-000120,P-00218,3,2010.76,Credit Card,2023-11-23 09:28:10,Shipped
568733,CA-2016-000514,P-00062,1,334.81,PayPal,2023-09-22 09:28:10,Pending
219648,CA-2016-000978,P-00386,4,172.87,Debit Card,2023-10-31 09:28:10,Shipped
398171,CA-2016-000532,P-00799,5,4954.41,Cash on Delivery,2024-06-03 09:28:10,Cancelled
193270,CA-2016-000843,P-00251,4,3521.19,Debit Card,2024-06-16 09:28:10,Delivered
597283,CA-2016-000324,P-00967,3,1434.71,PayPal,2024-06-20 09:28:10,Cancelled
766080,CA-2016-000251,P-00548,2,1280.39,Cash on Delivery,2024-05-01 09:28:10,Delivered
993875,CA-2016-000770,P-00407,3,2688.37,PayPal,2024-01-11 09:28:10,Delivered
111242,CA-2016-000987,P-00782,2,1870.29,PayPal,2024-03-24 09:28:10,Delivered
670170,CA-2016-000225,P-00613,3,50.43,Cash on Delivery,2024-04-04 09:28:10,Cancelled
435663,CA-2016-000699,P-00566,2,888.38,Debit Card,2024-02-17 09:28:10,Shipped
690887,CA-2016-000969,P-00284,4,3371.67,Credit Card,2024-03-29 09:28:10,Delivered
801398,CA-2016-000322,P-00111,1,302.49,PayPal,2024-02-15 09:28:10,Cancelled
905324,CA-2016-000522,P-00587,2,549.54,Debit Card,2023-09-26 09:28:10,Delivered
276437,CA-2016-000924,P-00347,5,2246.87,Cash on Delivery,2024-04-08 09:28:10,Delivered
236201,CA-2016-000053,P-00636,4,3949.98,PayPal,2024-06-29 09:28:10,Cancelled
899198,CA-2016-000855,P-00087,3,87.3,Cash on Delivery,2024-03-28 09:28:10,Delivered
855688,CA-2016-000404,P-00458,4,1253.79,Debit Card,2024-08-13 09:28:10,Shipped
749644,CA-2016-000896,P-00038,4,771.85,PayPal,2023-09-04 09:28:10,Delivered
166860,CA-2016-000880,P-00309,4,216.85,Debit Card,2023-09-20 09:28:10,Shipped
583198,CA-2016-000112,P-00357,4,3500.44,PayPal,2023-09-06 09:28:10,Shipped
283825,CA-2016-000965,P-00305,4,2327.14,Cash on Delivery,2024-08-05 09:28:10,Shipped
265958,CA-2016-000913,P-00761,5,2697.46,Cash on Delivery,2024-07-24 09:28:10,Cancelled
235480,CA-2016-000293,P-00958,2,293.16,Debit Card,2024-08-06 09:28:10,Delivered
513911,CA-2016-000082,P-00804,3,1602.04,Debit Card,2024-04-02 09:28:10,Delivered
173948,CA-2016-000963,P-00723,2,1692.0,PayPal,2023-09-06 09:28:10,Cancelled
809117,CA-2016-000422,P-00071,5,4764.11,Cash on Delivery,2024-06-30 09:28:10,Pending
719431,CA-2016-000961,P-00952,2,1547.54,PayPal,2024-03-18 09:28:10,Cancelled
330923,CA-2016-000952,P-00173,4,3476.18,PayPal,2024-06-23 09:28:10,Pending
407687,CA-2016-000958,P-00172,1,484.66,PayPal,2024-04-04 09:28:10,Delivered
652988,CA-2016-000826,P-00052,4,1126.36,Debit Card,2023-11-23 09:28:10,Pending
789783,CA-2016-000367,P-00636,1,814.63,Debit Card,2023-10-08 09:28:10,Delivered
152503,CA-2016-000873,P-00096,5,1264.7,PayPal,2024-01-04 09:28:10,Shipped
120220,CA-2016-000062,P-00805,2,1419.59,Credit Card,2024-01-03 09:28:10,Delivered
773414,CA-2016-000810,P-00287,4,572.6,Debit Card,2023-09-21 09:28:10,Shipped
199260,CA-2016-000073,P-00168,2,866.31,Debit Card,2024-06-11 09:28:10,Shipped
811607,CA-2016-000449,P-00545,1,829.17,PayPal,2024-07-09 09:28:10,Delivered
876061,CA-2016-000621,P-00761,3,1792.55,Debit Card,2023-12-11 09:28:10,Cancelled
373552,CA-2016-000779,P-00885,2,903.29,Credit Card,2023-11-28 09:28:10,Delivered
211952,CA-2016-000532,P-00797,5,1089.67,Credit Card,2024-06-20 09:28:10,Shipped
224069,CA-2016-000141,P-00629,1,73.93,Credit Card,2024-08-20 09:28:10,Shipped
650367,CA-2016-000503,P-00867,2,1437.72,Cash on Delivery,2024-02-01 09:28:10,Shipped
955281,CA-2016-000285,P-00027,3,933.72,Cash on Delivery,2024-08-04 09:28:10,Pending
836676,CA-2016-000787,P-00850,5,3805.21,Debit Card,2024-07-27 09:28:10,Cancelled
250478,CA-2016-000181,P-00803,4,2135.85,Debit Card,2024-02-25 09:28:10,Cancelled
236446,CA-2016-000496,P-00693,2,136.39,Debit Card,2024-03-16 09:28:10,Cancelled
980573,CA-2016-000435,P-00500,3,949.71,Debit Card,2023-10-27 09:28:10,Delivered
909225,CA-2016-000608,P-00759,3,1324.7,PayPal,2023-11-12 09:28:10,Pending
708524,CA-2016-000720,P-00609,2,689.41,Credit Card,2023-12-07 09:28:10,Delivered
270737,CA-2016-000923,P-00590,3,631.17,Credit Card,2024-01-04 09:28:10,Shipped
182774,CA-2016-000254,P-00498,3,1873.8,Cash on Delivery,2024-03-01 09:28:10,Shipped
944674,CA-2016-000670,P-00140,5,339.15,Cash on Delivery,2023-12-21 09:28:10,Cancelled
934036,CA-2016-000050,P-00947,2,33.37,Debit Card,2024-04-11 09:28:10,Pending
659998,CA-2016-000341,P-00183,5,469.59,Credit Card,2023-12-06 09:28:10,Pending
216756,CA-2016-000768,P-00614,4,845.37,PayPal,2023-08-30 09:28:10,Cancelled
817733,CA-2016-000333,P-00438,1,834.14,Credit Card,2024-01-06 09:28:10,Shipped
876642,CA-2016-000047,P-00766,4,2173.34,Credit Card,2024-01-17 09:28:10,Delivered
206236,CA-2016-000285,P-00346,4,2755.16,Credit Card,2024-06-21 09:28:10,Cancelled
779575,CA-2016-000378,P-00553,3,386.62,PayPal,2024-01-26 09:28:10,Pending
239649,CA-2016-000131,P-00358,5,3595.25,PayPal,2024-03-04 09:28:10,Shipped
309880,CA-2016-000734,P-00865,1,951.89,Credit Card,2024-03-04 09:28:10,Shipped
194918,CA-2016-000994,P-00912,5,1307.43,Cash on Delivery,2024-02-29 09:28:10,Cancelled
983856,CA-2016-000428,P-00953,4,977.35,PayPal,2024-01-08 09:28:10,Shipped
739728,CA-2016-000357,P-00446,4,318.69,Cash on Delivery,2023-10-17 09:28:10,Pending
476909,CA-2016-000880,P-00701,2,1129.54,Credit Card,2024-03-01 09:28:10,Pending
219727,CA-2016-000362,P-00928,2,1840.04,Debit Card,2024-01-22 09:28:10,Cancelled
763355,CA-2016-000219,P-00163,4,741.77,Debit Card,2024-08-23 09:28:10,Pending
362768,CA-2016-000202,P-00226,5,2161.97,PayPal,2023-11-25 09:28:10,Pending
999686,CA-2016-000220,P-00283,5,3109.49,Cash on Delivery,2024-07-20 09:28:10,Cancelled
549875,CA-2016-000097,P-00655,4,3591.9,Cash on Delivery,2024-02-02 09:28:10,Shipped
430364,CA-2016-000274,P-00757,4,1521.68,Credit Card,2023-10-20 09:28:10,Delivered
404091,CA-2016-000440,P-00517,1,186.21,Credit Card,2024-02-02 09:28:10,Shipped
528162,CA-2016-000478,P-00838,2,1509.58,Credit Card,2023-11-08 09:28:10,Delivered
605001,CA-2016-000766,P-00902,3,1138.91,Credit Card,2024-06-23 09:28:10,Delivered
223058,CA-2016-000558,P-00227,1,886.36,PayPal,2024-07-09 09:28:10,Shipped
384196,CA-2016-000842,P-00522,2,1253.95,PayPal,2024-07-10 09:28:10,Pending
683175,CA-2016-000334,P-00231,4,427.52,Credit Card,2024-07-28 09:28:10,Pending
293297,CA-2016-000648,P-00638,2,1355.35,Debit Card,2023-10-01 09:28:10,Delivered
828857,CA-2016-000726,P-00530,2,1385.68,PayPal,2024-06-14 09:28:10,Delivered
463058,CA-2016-000503,P-00108,2,1129.13,Debit Card,2023-12-02 09:28:10,Delivered
403764,CA-2016-000568,P-00608,2,1592.67,Cash on Delivery,2024-05-15 09:28:10,Pending
633548,CA-2016-000668,P-00829,2,1381.45,Credit Card,2024-06-08 09:28:10,Delivered
280660,CA-2016-000587,P-00834,4,3920.05,Debit Card,2024-07-26 09:28:10,Shipped
809284,CA-2016-000863,P-00661,5,3815.56,PayPal,2024-03-19 09:28:10,Pending
137142,CA-2016-000458,P-00620,3,1130.06,PayPal,2024-07-30 09:28:10,Delivered
342420,CA-2016-000317,P-00527,4,321.07,PayPal,2024-02-07 09:28:10,Delivered
212253,CA-2016-000234,P-00801,2,1321.74,Debit Card,2024-08-13 09:28:10,Cancelled
890663,CA-2016-000544,P-00499,4,3053.44,Debit Card,2024-07-10 09:28:10,Shipped
819736,CA-2016-000292,P-00710,2,833.76,PayPal,2024-05-26 09:28:10,Shipped
795426,CA-2016-000612,P-00685,2,125.36,Debit Card,2024-06-12 09:28:10,Pending
901591,CA-2016-000169,P-00274,4,3860.66,PayPal,2024-05-13 09:28:10,Cancelled
382720,CA-2016-000819,P-00906,3,2684.45,Debit Card,2024-02-02 09:28:10,Pending
569849,CA-2016-000630,P-00919,1,856.06,Debit Card,2024-02-03 09:28:10,Cancelled
369769,CA-2016-000671,P-00922,3,2558.48,Credit Card,2024-04-17 09:28:10,Shipped
755448,CA-2016-000833,P-00957,1,456.55,Debit Card,2024-05-07 09:28:10,Shipped
773556,CA-2016-000391,P-00797,2,912.83,PayPal,2024-03-20 09:28:10,Delivered
648932,CA-2016-000008,P-00485,1,580.41,Debit Card,2023-11-05 09:28:10,Delivered
251071,CA-2016-000540,P-00924,2,268.73,Credit Card,2023-11-15 09:28:10,Pending
680175,CA-2016-000063,P-00050,2,1837.97,Cash on Delivery,2023-11-29 09:28:10,Delivered
191089,CA-2016-000571,P-00047,2,1404.71,PayPal,2023-10-25 09:28:10,Cancelled
580025,CA-2016-000307,P-00050,2,1591.58,Credit Card,2024-05-06 09:28:10,Pending
355689,CA-2016-000746,P-00436,2,499.72,Credit Card,2024-02-02 09:28:10,Shipped
243401,CA-2016-000635,P-00119,2,897.11,Cash on Delivery,2023-09-28 09:28:10,Pending
267812,CA-2016-000767,P-00870,1,67.39,PayPal,2023-09-04 09:28:10,Delivered
176612,CA-2016-000471,P-00830,5,4021.86,Credit Card,2023-09-28 09:28:10,Delivered
606026,CA-2016-000699,P-00287,5,1626.05,PayPal,2024-07-11 09:28:10,Shipped
179694,CA-2016-000012,P-00721,2,360.96,Cash on Delivery,2024-05-23 09:28:10,Shipped
197472,CA-2016-000497,P-00538,1,489.48,Cash on Delivery,2024-05-07 09:28:10,Pending
647055,CA-2016-000750,P-00306,1,258.49,Debit Card,2023-12-03 09:28:10,Delivered
939665,CA-2016-000879,P-00138,5,1860.73,Credit Card,2024-05-28 09:28:10,Cancelled
565087,CA-2016-000402,P-00905,1,90.12,Debit Card,2024-05-22 09:28:10,Cancelled
127432,CA-2016-000039,P-00953,4,2028.45,Credit Card,2024-03-04 09:28:10,Shipped
653247,CA-2016-000585,P-00526,2,423.99,Debit Card,2023-12-26 09:28:10,Pending
310663,CA-2016-000889,P-00213,4,1758.1,Credit Card,2023-11-05 09:28:10,Delivered
562140,CA-2016-000157,P-00720,2,1384.74,Credit Card,2024-05-02 09:28:10,Shipped
680542,CA-2016-000773,P-00945,2,467.5,PayPal,2024-02-10 09:28:10,Shipped
323509,CA-2016-000436,P-00546,2,536.44,Debit Card,2024-02-27 09:28:10,Cancelled
668311,CA-2016-000825,P-00302,2,1256.75,Cash on Delivery,2024-02-09 09:28:10,Pending
983684,CA-2016-000949,P-00549,1,533.95,PayPal,2024-04-19 09:28:10,Shipped
646350,CA-2016-000049,P-00527,4,764.3,PayPal,2024-05-15 09:28:10,Cancelled
588358,CA-2016-000314,P-00801,2,1859.52,Cash on Delivery,2024-02-23 09:28:10,Delivered
227266,CA-2016-000808,P-00852,4,3420.24,Credit Card,2023-09-07 09:28:10,Pending
285153,CA-2016-000145,P-00217,3,1952.23,Debit Card,2024-03-02 09:28:10,Shipped
329550,CA-2016-000042,P-00891,4,1668.57,Debit Card,2023-11-06 09:28:10,Shipped
371990,CA-2016-000370,P-00940,4,132.93,PayPal,2023-08-27 09:28:10,Shipped
774074,CA-2016-000985,P-00381,4,1287.96,Cash on Delivery,2024-04-27 09:28:10,Delivered
619346,CA-2016-000974,P-00892,2,543.89,Debit Card,2023-12-25 09:28:10,Pending
441473,CA-2016-000874,P-00528,5,167.9,PayPal,2024-02-27 09:28:10,Cancelled
415998,CA-2016-000590,P-00404,3,2454.64,Cash on Delivery,2024-06-14 09:28:10,Delivered
945300,CA-2016-000721,P-00182,3,775.94,Credit Card,2023-10-18 09:28:10,Pending
781240,CA-2016-000536,P-00062,4,3487.2,Cash on Delivery,2023-10-15 09:28:10,Shipped
872264,CA-2016-000004,P-00834,1,112.88,Cash on Delivery,2024-02-08 09:28:10,Delivered
836004,CA-2016-000161,P-00792,4,889.45,Cash on Delivery,2024-03-26 09:28:10,Delivered
366667,CA-2016-000261,P-00979,4,2879.18,Cash on Delivery,2024-06-30 09:28:10,Cancelled
268339,CA-2016-000027,P-00931,4,1309.15,PayPal,2024-01-30 09:28:10,Cancelled
409619,CA-2016-000729,P-00266,5,3001.46,Debit Card,2024-05-01 09:28:10,Pending
987609,CA-2016-000630,P-00855,4,3801.75,Cash on Delivery,2023-09-04 09:28:10,Pending
841289,CA-2016-000594,P-00896,2,1086.52,Debit Card,2023-10-08 09:28:10,Delivered
589708,CA-2016-000039,P-00878,3,1734.48,Debit Card,2023-11-09 09:28:10,Delivered
252956,CA-2016-000902,P-00722,5,2259.36,Cash on Delivery,2024-06-19 09:28:10,Shipped
336324,CA-2016-000346,P-00782,2,1318.32,Debit Card,2023-09-06 09:28:10,Shipped
483446,CA-2016-000747,P-00688,2,1267.43,Credit Card,2024-02-17 09:28:10,Shipped
971376,CA-2016-000755,P-00388,3,285.28,PayPal,2024-02-10 09:28:10,Delivered
820643,CA-2016-000491,P-00649,3,629.17,Debit Card,2024-07-24 09:28:10,Cancelled
180932,CA-2016-000045,P-00660,1,171.53,Debit Card,2023-11-26 09:28:10,Delivered
226150,CA-2016-000540,P-00268,4,2845.95,Debit Card,2024-07-10 09:28:10,Delivered
920056,CA-2016-000939,P-00868,3,648.11,PayPal,2024-01-30 09:28:10,Shipped
359654,CA-2016-000887,P-00663,2,1075.11,Cash on Delivery,2024-07-22 09:28:10,Delivered
598625,CA-2016-000637,P-00279,3,2265.63,Credit Card,2024-03-21 09:28:10,Shipped
256509,CA-2016-000165,P-00928,1,390.26,Cash on Delivery,2024-03-14 09:28:10,Cancelled
747199,CA-2016-000802,P-00601,1,255.05,Credit Card,2023-09-01 09:28:10,Delivered
749302,CA-2016-000522,P-00869,4,55.63,PayPal,2024-03-22 09:28:10,Delivered
324910,CA-2016-000945,P-00986,4,2042.28,Debit Card,2023-09-01 09:28:10,Cancelled
602008,CA-2016-000816,P-00480,3,947.32,PayPal,2024-06-13 09:28:10,Delivered
823778,CA-2016-000101,P-00678,4,911.25,Credit Card,2024-03-22 09:28:10,Shipped
365410,CA-2016-000301,P-00564,1,685.85,PayPal,2024-03-08 09:28:10,Delivered
495695,CA-2016-000064,P-00041,4,1641.57,Cash on Delivery,2024-06-01 09:28:10,Shipped
309534,CA-2016-000880,P-00778,1,655.3,Cash on Delivery,2024-07-29 09:28:10,Shipped
534851,CA-2016-000217,P-00071,1,277.69,Debit Card,2024-07-08 09:28:10,Shipped
840750,CA-2016-000146,P-00489,2,69.54,Credit Card,2024-02-22 09:28:10,Shipped
222116,CA-2016-000586,P-00557,2,375.27,Cash on Delivery,2023-09-29 09:28:10,Shipped
377342,CA-2016-000127,P-00208,5,3672.66,PayPal,2024-06-29 09:28:10,Cancelled
242457,CA-2016-000567,P-00183,5,3778.59,Cash on Delivery,2023-10-28 09:28:10,Cancelled
709648,CA-2016-000957,P-00796,1,111.83,PayPal,2023-12-04 09:28:10,Pending
980865,CA-2016-000771,P-00666,1,923.72,Debit Card,2023-12-19 09:28:10,Delivered
339959,CA-2016-000845,P-00594,3,493.64,Credit Card,2024-06-19 09:28:10,Cancelled
157521,CA-2016-000927,P-00347,3,2387.84,Cash on Delivery,2023-11-01 09:28:10,Shipped
734446,CA-2016-000779,P-00299,4,2565.04,Cash on Delivery,2024-08-08 09:28:10,Delivered
980131,CA-2016-000417,P-00346,2,1183.31,Credit Card,2024-01-05 09:28:10,Pending
398618,CA-2016-000984,P-00166,4,3994.44,Credit Card,2024-02-15 09:28:10,Shipped
407468,CA-2016-000673,P-00656,2,1201.12,PayPal,2024-08-13 09:28:10,Shipped
381859,CA-2016-000638,P-00983,1,826.54,Credit Card,2024-01-26 09:28:10,Delivered
712606,CA-2016-000588,P-00225,3,173.68,Debit Card,2024-04-01 09:28:10,Shipped
342724,CA-2016-000088,P-00745,4,2901.59,Debit Card,2024-04-16 09:28:10,Shipped
679935,CA-2016-000895,P-00730,3,1676.29,Cash on Delivery,2024-03-29 09:28:10,Delivered
336145,CA-2016-000543,P-00204,3,1495.47,Cash on Delivery,2023-12-27 09:28:10,Shipped
172114,CA-2016-000063,P-00299,5,171.98,PayPal,2024-01-05 09:28:10,Pending
836798,CA-2016-000725,P-00127,3,1257.1,Debit Card,2023-10-19 09:28:10,Shipped
857168,CA-2016-000583,P-00226,1,74.84,Credit Card,2023-10-21 09:28:10,Cancelled
743074,CA-2016-000508,P-00286,5,3956.79,Credit Card,2024-02-25 09:28:10,Cancelled
196053,CA-2016-000765,P-00575,3,1742.33,Debit Card,2024-06-03 09:28:10,Shipped
834372,CA-2016-000069,P-00756,5,4736.03,Credit Card,2024-08-14 09:28:10,Pending
970670,CA-2016-000994,P-00612,3,2705.35,Cash on Delivery,2023-10-21 09:28:10,Pending
286851,CA-2016-000153,P-00173,4,3006.55,Credit Card,2023-10-06 09:28:10,Pending
739718,CA-2016-000854,P-00207,3,1236.38,Cash on Delivery,2024-06-17 09:28:10,Delivered
204887,CA-2016-000400,P-00989,5,2941.76,Cash on Delivery,2024-04-28 09:28:10,Shipped
670909,CA-2016-000845,P-00820,1,373.84,Credit Card,2024-03-09 09:28:10,Delivered
509032,CA-2016-000231,P-00774,2,675.75,PayPal,2024-07-27 09:28:10,Shipped
861519,CA-2016-000065,P-00693,4,3566.9,Cash on Delivery,2023-11-22 09:28:10,Pending
687948,CA-2016-000489,P-00201,4,450.63,Cash on Delivery,2023-12-03 09:28:10,Pending
677085,CA-2016-000742,P-00504,2,822.64,PayPal,2024-02-25 09:28:10,Delivered
848960,CA-2016-000028,P-00694,4,990.76,Cash on Delivery,2023-12-29 09:28:10,Delivered
310860,CA-2016-000600,P-00719,2,225.39,Debit Card,2023-11-04 09:28:10,Cancelled
503566,CA-2016-000409,P-00993,3,1564.93,Debit Card,2023-10-30 09:28:10,Pending
178076,CA-2016-000212,P-00056,4,348.55,Debit Card,2023-09-28 09:28:10,Shipped
154763,CA-2016-000565,P-00125,5,4380.4,Credit Card,2024-02-18 09:28:10,Delivered
113038,CA-2016-000243,P-00126,5,1710.12,Cash on Delivery,2024-04-19 09:28:10,Pending
613536,CA-2016-000183,P-00304,5,3294.23,Debit Card,2024-04-29 09:28:10,Pending
846599,CA-2016-000167,P-00959,2,611.23,Credit Card,2024-03-20 09:28:10,Delivered
741758,CA-2016-000711,P-00972,5,3932.31,PayPal,2024-06-04 09:28:10,Delivered
838956,CA-2016-000938,P-00729,4,1811.37,Debit Card,2023-11-18 09:28:10,Pending
322639,CA-2016-000527,P-00297,2,1578.44,Cash on Delivery,2024-05-12 09:28:10,Shipped
827883,CA-2016-000174,P-00527,3,2557.66,Cash on Delivery,2024-03-22 09:28:10,Cancelled
659003,CA-2016-000903,P-00252,3,2469.57,PayPal,2024-06-12 09:28:10,Delivered
484029,CA-2016-000274,P-00011,3,245.32,Credit Card,2023-09-01 09:28:10,Cancelled
828839,CA-2016-000816,P-00901,3,2603.89,Cash on Delivery,2024-05-03 09:28:10,Pending
721517,CA-2016-000036,P-00909,4,2437.32,Debit Card,2024-05-19 09:28:10,Shipped
496838,CA-2016-000903,P-00068,4,758.33,Credit Card,2023-11-27 09:28:10,Shipped
526147,CA-2016-000683,P-00760,2,616.74,PayPal,2024-03-30 09:28:10,Pending
439246,CA-2016-000689,P-00005,4,571.05,Credit Card,2024-03-24 09:28:10,Cancelled
225072,CA-2016-000045,P-00762,5,416.57,PayPal,2024-04-25 09:28:10,Cancelled
854077,CA-2016-000418,P-00418,5,1011.02,Credit Card,2023-11-18 09:28:10,Cancelled
107367,CA-2016-000823,P-00789,5,1442.18,Debit Card,2023-09-01 09:28:10,Cancelled
466904,CA-2016-000449,P-00592,2,750.76,Credit Card,2024-07-16 09:28:10,Pending
927223,CA-2016-000970,P-00670,4,316.72,PayPal,2024-01-12 09:28:10,Pending
987820,CA-2016-000755,P-00688,4,1984.71,PayPal,2024-02-06 09:28:10,Pending
416117,CA-2016-000354,P-00959,5,2369.77,PayPal,2023-10-16 09:28:10,Delivered
323770,CA-2016-000261,P-00866,1,541.6,Debit Card,2024-01-27 09:28:10,Cancelled
139555,CA-2016-000471,P-00897,3,2963.19,Credit Card,2024-05-22 09:28:10,Shipped
785671,CA-2016-000257,P-00732,2,881.58,Debit Card,2024-01-14 09:28:10,Shipped
679975,CA-2016-000448,P-00147,4,774.24,Cash on Delivery,2024-04-13 09:28:10,Shipped
603872,CA-2016-000981,P-00617,3,1233.64,Debit Card,2024-03-11 09:28:10,Cancelled
501983,CA-2016-000368,P-00797,5,4240.37,PayPal,2024-07-17 09:28:10,Pending
340968,CA-2016-000321,P-00957,5,997.63,PayPal,2024-07-13 09:28:10,Cancelled
465352,CA-2016-000668,P-00211,5,4094.62,Cash on Delivery,2024-07-02 09:28:10,Pending
220728,CA-2016-000995,P-00927,1,461.53,Debit Card,2023-10-26 09:28:10,Delivered
737250,CA-2016-000452,P-00204,2,840.64,PayPal,2024-05-03 09:28:10,Cancelled
325988,CA-2016-000849,P-00979,5,1719.59,Debit Card,2023-12-31 09:28:10,Shipped
634762,CA-2016-000794,P-00171,3,2172.02,PayPal,2023-12-01 09:28:10,Pending
618424,CA-2016-000337,P-00873,1,574.92,Cash on Delivery,2024-02-07 09:28:10,Pending
529516,CA-2016-000432,P-00483,2,1761.24,Credit Card,2024-01-28 09:28:10,Delivered
491291,CA-2016-000866,P-00647,1,63.42,Credit Card,2024-03-16 09:28:10,Delivered
441731,CA-2016-000012,P-00906,1,84.24,Cash on Delivery,2024-03-30 09:28:10,Shipped
756121,CA-2016-000081,P-00631,1,957.59,PayPal,2024-01-09 09:28:10,Pending
828656,CA-2016-000075,P-00543,4,2000.55,Credit Card,2023-10-23 09:28:10,Shipped
218090,CA-2016-000118,P-00496,5,3540.21,Debit Card,2024-03-22 09:28:10,Shipped
283813,CA-2016-000376,P-00278,2,468.51,Debit Card,2023-10-23 09:28:10,Shipped
668031,CA-2016-000651,P-00823,1,267.43,Cash on Delivery,2023-12-19 09:28:10,Cancelled
362228,CA-2016-000156,P-00095,3,40.98,Debit Card,2024-03-09 09:28:10,Shipped
601465,CA-2016-000290,P-00016,2,1668.3,Debit Card,2024-01-10 09:28:10,Cancelled
709781,CA-2016-000202,P-00159,1,809.38,Cash on Delivery,2024-04-20 09:28:10,Pending
294764,CA-2016-000528,P-00933,4,3851.44,Credit Card,2024-01-17 09:28:10,Pending
473200,CA-2016-000631,P-00368,1,439.7,Credit Card,2024-04-12 09:28:10,Pending
407407,CA-2016-000011,P-00636,3,2396.43,Cash on Delivery,2023-09-28 09:28:10,Delivered
824275,CA-2016-000179,P-00290,1,727.12,Cash on Delivery,2024-02-19 09:28:10,Cancelled
334518,CA-2016-000910,P-00948,3,1782.85,Cash on Delivery,2023-10-12 09:28:10,Delivered
397013,CA-2016-000990,P-00976,3,1076.27,Debit Card,2023-10-31 09:28:10,Cancelled
565812,CA-2016-000819,P-00287,1,476.71,PayPal,2024-05-14 09:28:10,Shipped
357001,CA-2016-000513,P-00407,3,1165.93,Credit Card,2023-09-08 09:28:10,Cancelled
396151,CA-2016-000877,P-00870,4,3228.81,PayPal,2023-12-24 09:28:10,Shipped
201641,CA-2016-000029,P-00239,5,2010.85,Debit Card,2023-12-22 09:28:10,Pending
559499,CA-2016-000313,P-00177,5,4728.69,PayPal,2023-12-02 09:28:10,Shipped
404404,CA-2016-000443,P-00323,3,1745.4,Cash on Delivery,2024-06-15 09:28:10,Delivered
483472,CA-2016-000157,P-00232,1,629.36,Credit Card,2024-01-03 09:28:10,Cancelled
882603,CA-2016-000868,P-00897,5,238.9,PayPal,2023-09-12 09:28:10,Delivered
237734,CA-2016-000693,P-00065,2,1844.14,Credit Card,2024-03-21 09:28:10,Delivered
470476,CA-2016-000734,P-00950,3,1704.25,PayPal,2023-12-28 09:28:10,Cancelled
264131,CA-2016-000629,P-00873,1,637.82,Debit Card,2023-11-10 09:28:10,Shipped
395234,CA-2016-000911,P-00104,1,706.92,Cash on Delivery,2024-07-31 09:28:10,Shipped
217686,CA-2016-000702,P-00038,5,4161.45,Credit Card,2023-12-07 09:28:10,Delivered
327103,CA-2016-000508,P-00471,3,1581.11,Debit Card,2023-10-22 09:28:10,Cancelled
464303,CA-2016-000428,P-00829,3,155.21,Debit Card,2023-11-19 09:28:10,Delivered
427280,CA-2016-000747,P-00469,3,354.0,Debit Card,2024-06-10 09:28:10,Pending
848566,CA-2016-000020,P-00999,1,147.56,Cash on Delivery,2024-01-06 09:28:10,Delivered
342556,CA-2016-000011,P-00257,3,1605.48,PayPal,2023-09-04 09:28:10,Shipped
503253,CA-2016-000237,P-00755,5,4164.6,Cash on Delivery,2024-04-06 09:28:10,Pending
609464,CA-2016-000396,P-00396,3,621.38,Cash on Delivery,2023-10-06 09:28:10,Pending
509341,CA-2016-000663,P-00980,3,414.09,PayPal,2023-09-19 09:28:10,Cancelled
457331,CA-2016-000527,P-00665,2,258.15,Cash on Delivery,2024-07-09 09:28:10,Delivered
523682,CA-2016-000673,P-00410,1,377.88,Debit Card,2024-08-08 09:28:10,Delivered
133568,CA-2016-000856,P-00408,5,2085.7,Credit Card,2024-03-08 09:28:10,Delivered
327630,CA-2016-000730,P-00294,1,562.84,Debit Card,2024-06-02 09:28:10,Cancelled
918081,CA-2016-000589,P-00649,5,2668.53,PayPal,2024-08-14 09:28:10,Cancelled
174620,CA-2016-000532,P-00457,5,4841.36,PayPal,2024-02-24 09:28:10,Pending
179655,CA-2016-000881,P-00479,2,1840.69,Credit Card,2024-01-04 09:28:10,Shipped
901831,CA-2016-000591,P-00352,4,2740.48,Credit Card,2023-10-30 09:28:10,Delivered
217931,CA-2016-000524,P-00035,4,1983.84,Credit Card,2024-04-10 09:28:10,Shipped
302040,CA-2016-000371,P-00531,2,1930.89,Credit Card,2023-12-09 09:28:10,Shipped
517186,CA-2016-000846,P-00294,5,3110.52,Credit Card,2024-03-18 09:28:10,Cancelled
238148,CA-2016-000709,P-00755,1,178.66,PayPal,2023-11-15 09:28:10,Delivered
205198,CA-2016-000267,P-00850,4,3149.63,PayPal,2023-11-10 09:28:10,Pending
410881,CA-2016-000508,P-00751,5,2599.99,Cash on Delivery,2023-10-23 09:28:10,Pending
367584,CA-2016-000328,P-00978,5,3959.59,Cash on Delivery,2024-03-01 09:28:10,Delivered
442167,CA-2016-000028,P-00744,3,242.16,Cash on Delivery,2024-06-22 09:28:10,Delivered
854020,CA-2016-000860,P-00408,3,434.44,Debit Card,2023-09-01 09:28:10,Cancelled
308114,CA-2016-000178,P-00991,5,4991.39,PayPal,2024-06-04 09:28:10,Shipped
327786,CA-2016-000339,P-00232,1,520.06,Credit Card,2024-03-23 09:28:10,Shipped
516078,CA-2016-000523,P-00058,1,714.0,Cash on Delivery,2024-05-02 09:28:10,Delivered
235178,CA-2016-000791,P-00733,2,420.94,Credit Card,2024-05-29 09:28:10,Shipped
638188,CA-2016-000941,P-00431,4,1767.74,PayPal,2023-10-17 09:28:10,Pending
932233,CA-2016-000011,P-00616,4,2384.65,Cash on Delivery,2023-11-07 09:28:10,Cancelled
670157,CA-2016-000306,P-00959,5,3224.15,Debit Card,2024-01-05 09:28:10,Pending
514351,CA-2016-000276,P-00910,4,3283.62,Credit Card,2023-10-17 09:28:10,Cancelled
539080,CA-2016-000948,P-00566,1,654.22,PayPal,2023-10-20 09:28:10,Cancelled
884500,CA-2016-000033,P-00340,4,1237.05,Credit Card,2024-03-21 09:28:10,Pending
703250,CA-2016-000522,P-00741,1,302.23,Credit Card,2024-08-03 09:28:10,Delivered
698485,CA-2016-000935,P-00375,3,1133.94,PayPal,2024-03-06 09:28:10,Pending
782947,CA-2016-000625,P-00622,3,2457.0,PayPal,2024-05-13 09:28:10,Pending
452756,CA-2016-000706,P-00308,1,855.17,Credit Card,2024-05-21 09:28:10,Pending
221879,CA-2016-000106,P-00934,1,225.2,Cash on Delivery,2023-11-12 09:28:10,Shipped
582573,CA-2016-000221,P-00140,4,1950.02,Debit Card,2024-05-27 09:28:10,Pending
497007,CA-2016-000982,P-00737,1,912.0,Credit Card,2023-10-07 09:28:10,Shipped
241469,CA-2016-000506,P-00253,3,2887.04,PayPal,2023-10-10 09:28:10,Cancelled
908663,CA-2016-000422,P-00962,3,51.05,Debit Card,2023-10-05 09:28:10,Pending
176232,CA-2016-000248,P-00078,2,1379.68,Debit Card,2024-03-21 09:28:10,Delivered
684388,CA-2016-000453,P-00802,3,2089.79,Cash on Delivery,2023-10-18 09:28:10,Delivered
361991,CA-2016-000314,P-00679,4,2335.41,Credit Card,2024-04-05 09:28:10,Cancelled
686782,CA-2016-000253,P-00391,3,1873.6,PayPal,2024-06-05 09:28:10,Pending
949619,CA-2016-000773,P-00171,2,1394.0,PayPal,2023-12-23 09:28:10,Cancelled
776690,CA-2016-000969,P-00566,5,4878.29,Credit Card,2023-10-11 09:28:10,Delivered
542082,CA-2016-000028,P-00939,1,547.67,Cash on Delivery,2023-12-24 09:28:10,Delivered
496239,CA-2016-000234,P-00338,3,1922.44,Cash on Delivery,2023-12-31 09:28:10,Cancelled
329906,CA-2016-000420,P-00593,2,900.07,PayPal,2024-07-21 09:28:10,Delivered
899785,CA-2016-000244,P-00094,3,414.6,Cash on Delivery,2024-06-06 09:28:10,Pending
856886,CA-2016-000886,P-00869,4,1655.14,Cash on Delivery,2023-11-28 09:28:10,Delivered
210516,CA-2016-000148,P-00777,1,464.94,Cash on Delivery,2023-12-05 09:28:10,Pending
885792,CA-2016-000845,P-00545,1,553.97,Cash on Delivery,2024-03-30 09:28:10,Shipped
587215,CA-2016-000545,P-00067,3,1169.87,Credit Card,2024-06-06 09:28:10,Shipped
437094,CA-2016-000295,P-00155,2,1717.41,Debit Card,2023-09-02 09:28:10,Shipped
810071,CA-2016-000482,P-00184,2,168.69,Cash on Delivery,2023-09-07 09:28:10,Pending
845942,CA-2016-000641,P-00561,5,201.04,Debit Card,2024-07-15 09:28:10,Pending
180525,CA-2016-000022,P-00118,2,925.78,PayPal,2023-12-30 09:28:10,Shipped
350463,CA-2016-000300,P-00128,4,1057.14,Cash on Delivery,2023-11-04 09:28:10,Shipped
785374,CA-2016-000535,P-00277,2,1108.06,PayPal,2024-02-21 09:28:10,Delivered
686389,CA-2016-000591,P-00433,3,2100.26,Debit Card,2024-05-19 09:28:10,Pending
757858,CA-2016-000363,P-00043,2,1642.73,PayPal,2023-09-09 09:28:10,Delivered
438242,CA-2016-000332,P-00361,2,1602.7,PayPal,2024-05-31 09:28:10,Cancelled
820084,CA-2016-000680,P-00925,2,751.72,Cash on Delivery,2024-03-11 09:28:10,Delivered
956805,CA-2016-000815,P-00680,1,974.78,Credit Card,2024-08-03 09:28:10,Pending
927659,CA-2016-000016,P-00580,3,895.53,Cash on Delivery,2024-07-09 09:28:10,Shipped
655641,CA-2016-000902,P-00362,5,2061.12,Credit Card,2023-10-16 09:28:10,Shipped
587433,CA-2016-000820,P-00134,2,890.69,Debit Card,2023-09-06 09:28:10,Cancelled
756436,CA-2016-000850,P-00727,5,1299.96,Credit Card,2023-11-23 09:28:10,Cancelled
394481,CA-2016-000336,P-00158,4,831.58,Cash on Delivery,2023-12-11 09:28:10,Cancelled
488330,CA-2016-000133,P-00799,3,510.14,Debit Card,2024-04-19 09:28:10,Delivered
726236,CA-2016-000527,P-00290,1,570.82,Debit Card,2024-07-07 09:28:10,Delivered
746904,CA-2016-000210,P-00138,2,841.11,Credit Card,2023-12-14 09:28:10,Pending
883374,CA-2016-000158,P-00052,4,2097.06,Credit Card,2024-01-28 09:28:10,Delivered
137483,CA-2016-000929,P-00454,1,350.65,Cash on Delivery,2024-05-27 09:28:10,Shipped
705467,CA-2016-000250,P-00475,2,298.69,Cash on Delivery,2024-03-11 09:28:10,Delivered
766950,CA-2016-000540,P-00576,1,841.78,PayPal,2023-11-04 09:28:10,Cancelled
441283,CA-2016-000338,P-00996,1,176.53,Credit Card,2024-01-13 09:28:10,Shipped
987943,CA-2016-000825,P-00651,5,3865.56,Debit Card,2024-03-13 09:28:10,Shipped
774135,CA-2016-000754,P-00832,5,1617.53,Cash on Delivery,2024-01-05 09:28:10,Cancelled
462959,CA-2016-000482,P-00180,2,117.05,Credit Card,2023-09-29 09:28:10,Pending
572935,CA-2016-000186,P-00439,2,1766.78,Debit Card,2024-06-11 09:28:10,Delivered
549667,CA-2016-000303,P-00744,1,104.29,PayPal,2024-02-17 09:28:10,Delivered
696651,CA-2016-000940,P-00683,4,835.12,Debit Card,2024-08-19 09:28:10,Shipped
530095,CA-2016-000284,P-00768,1,341.0,Debit Card,2024-02-11 09:28:10,Pending
801393,CA-2016-000943,P-00679,4,950.19,PayPal,2024-02-14 09:28:10,Pending
956402,CA-2016-000502,P-00982,4,3887.86,Cash on Delivery,2024-03-24 09:28:10,Cancelled
864528,CA-2016-000162,P-00663,1,153.3,PayPal,2023-10-17 09:28:10,Pending
647919,CA-2016-000366,P-00998,5,1002.4,Credit Card,2024-08-24 09:28:10,Shipped
535072,CA-2016-000922,P-00646,2,125.26,Cash on Delivery,2024-07-04 09:28:10,Delivered
965427,CA-2016-000396,P-00850,5,1131.66,Debit Card,2024-03-29 09:28:10,Delivered
925502,CA-2016-000798,P-00874,1,297.93,PayPal,2023-11-21 09:28:10,Cancelled
114262,CA-2016-000972,P-00036,1,65.16,Debit Card,2023-12-10 09:28:10,Cancelled
886526,CA-2016-000351,P-00116,1,784.74,Debit Card,2023-09-18 09:28:10,Delivered
794475,CA-2016-000148,P-00844,5,1537.62,Credit Card,2024-05-30 09:28:10,Shipped
794902,CA-2016-000013,P-00979,1,996.02,Debit Card,2023-08-29 09:28:10,Delivered
703854,CA-2016-000588,P-00191,5,2438.44,Debit Card,2024-06-15 09:28:10,Pending
704524,CA-2016-000494,P-00516,5,4941.74,Cash on Delivery,2023-11-20 09:28:10,Shipped
510514,CA-2016-000278,P-00664,5,2250.28,PayPal,2024-03-13 09:28:10,Pending
418583,CA-2016-000158,P-00807,1,689.05,Debit Card,2024-01-04 09:28:10,Cancelled
988122,CA-2016-000678,P-00257,5,2821.14,PayPal,2024-08-19 09:28:10,Shipped
813911,CA-2016-000902,P-00059,5,3791.42,Debit Card,2023-11-12 09:28:10,Shipped
217671,CA-2016-000176,P-00646,5,2217.89,Debit Card,2024-06-09 09:28:10,Pending
608842,CA-2016-000657,P-00218,4,433.38,Debit Card,2023-11-09 09:28:10,Shipped
564979,CA-2016-000471,P-00762,5,3658.33,PayPal,2023-09-20 09:28:10,Delivered
646774,CA-2016-000245,P-00615,3,1560.65,Debit Card,2023-10-06 09:28:10,Cancelled
272916,CA-2016-000105,P-00204,2,1990.86,Cash on Delivery,2024-05-18 09:28:10,Shipped
213061,CA-2016-000661,P-00628,5,2666.62,PayPal,2024-03-24 09:28:10,Cancelled
457390,CA-2016-000170,P-00131,1,914.22,PayPal,2023-09-02 09:28:10,Delivered
659186,CA-2016-000031,P-00781,4,680.21,Cash on Delivery,2024-01-30 09:28:10,Cancelled
516187,CA-2016-000061,P-00633,5,3269.99,Debit Card,2024-07-20 09:28:10,Shipped
839849,CA-2016-000738,P-00948,4,1792.98,PayPal,2024-01-05 09:28:10,Pending
100767,CA-2016-000612,P-00748,3,320.17,Debit Card,2023-09-10 09:28:10,Shipped
391597,CA-2016-000370,P-00894,1,771.86,Debit Card,2023-09-27 09:28:10,Cancelled
423692,CA-2016-000284,P-00130,1,508.67,Credit Card,2023-12-29 09:28:10,Cancelled
986982,CA-2016-000216,P-00300,1,23.25,PayPal,2024-04-17 09:28:10,Pending
911175,CA-2016-000337,P-00798,2,885.04,Credit Card,2024-01-29 09:28:10,Pending
347902,CA-2016-000732,P-00951,3,168.76,Cash on Delivery,2024-04-30 09:28:10,Pending
344723,CA-2016-000837,P-00557,4,3260.15,PayPal,2023-10-04 09:28:10,Pending
315883,CA-2016-000082,P-00384,3,443.4,Credit Card,2024-02-26 09:28:10,Pending
482613,CA-2016-000736,P-00116,3,1096.75,Debit Card,2024-03-15 09:28:10,Delivered
663349,CA-2016-000937,P-00089,4,1589.64,Debit Card,2024-05-04 09:28:10,Cancelled
354390,CA-2016-000577,P-00265,4,557.05,Cash on Delivery,2024-01-31 09:28:10,Cancelled
307958,CA-2016-000229,P-00308,3,2811.44,PayPal,2024-08-10 09:28:10,Delivered
730120,CA-2016-000559,P-00988,3,2442.68,PayPal,2023-10-01 09:28:10,Shipped
858231,CA-2016-000186,P-00194,1,456.78,Cash on Delivery,2023-08-30 09:28:10,Pending
412091,CA-2016-000350,P-00409,1,161.98,Cash on Delivery,2024-03-03 09:28:10,Shipped
976298,CA-2016-000787,P-00165,2,733.0,Credit Card,2024-02-13 09:28:10,Pending
267162,CA-2016-000651,P-00125,1,222.63,PayPal,2024-05-30 09:28:10,Delivered
593557,CA-2016-000401,P-00240,1,416.79,PayPal,2023-12-18 09:28:10,Delivered
194212,CA-2016-000170,P-00697,2,562.79,PayPal,2024-07-08 09:28:10,Delivered
718903,CA-2016-000470,P-00232,1,488.19,Credit Card,2023-12-19 09:28:10,Pending
960728,CA-2016-000304,P-00440,3,1206.28,Credit Card,2024-03-20 09:28:10,Delivered
760776,CA-2016-000884,P-00527,4,559.22,Debit Card,2024-07-27 09:28:10,Pending
429926,CA-2016-000737,P-00327,3,2235.52,Credit Card,2023-12-08 09:28:10,Shipped
411418,CA-2016-000741,P-00521,2,1214.86,Debit Card,2024-03-03 09:28:10,Pending
593021,CA-2016-000637,P-00373,1,684.34,Cash on Delivery,2023-09-01 09:28:10,Shipped
933765,CA-2016-000704,P-00013,1,607.4,Cash on Delivery,2024-06-22 09:28:10,Cancelled
955222,CA-2016-000517,P-00246,2,734.27,PayPal,2024-07-08 09:28:10,Pending
660973,CA-2016-000098,P-00687,1,197.53,PayPal,2023-12-29 09:28:10,Delivered
828737,CA-2016-000263,P-00766,2,668.17,Debit Card,2023-10-06 09:28:10,Delivered
739097,CA-2016-000864,P-00640,2,955.29,Cash on Delivery,2024-08-06 09:28:10,Delivered
619206,CA-2016-000692,P-00684,1,593.88,Debit Card,2024-04-17 09:28:10,Delivered
100389,CA-2016-000819,P-00997,5,4199.77,Cash on Delivery,2024-04-27 09:28:10,Delivered
706923,CA-2016-000294,P-00627,4,3603.21,Debit Card,2024-06-22 09:28:10,Cancelled
179154,CA-2016-000429,P-00213,2,90.19,Cash on Delivery,2024-07-01 09:28:10,Cancelled
287277,CA-2016-000479,P-00087,2,24.97,PayPal,2024-04-16 09:28:10,Shipped
626460,CA-2016-000423,P-00072,1,42.45,Debit Card,2023-10-27 09:28:10,Pending
607323,CA-2016-000264,P-00532,5,4489.99,Debit Card,2024-07-25 09:28:10,Cancelled
312124,CA-2016-000634,P-00200,4,2768.52,Cash on Delivery,2024-07-19 09:28:10,Pending
311825,CA-2016-000948,P-00857,1,849.43,Cash on Delivery,2024-03-23 09:28:10,Shipped
757459,CA-2016-000892,P-00480,5,378.26,PayPal,2024-07-09 09:28:10,Pending
875755,CA-2016-000315,P-00262,3,1173.35,Debit Card,2024-02-22 09:28:10,Cancelled
801886,CA-2016-000552,P-00518,1,848.06,Debit Card,2024-04-01 09:28:10,Pending
278810,CA-2016-000721,P-00737,3,2935.63,PayPal,2024-02-17 09:28:10,Shipped
464650,CA-2016-000170,P-00693,1,814.94,Cash on Delivery,2024-08-22 09:28:10,Shipped
311137,CA-2016-000048,P-00913,1,937.36,PayPal,2023-10-23 09:28:10,Cancelled
235518,CA-2016-000044,P-00984,4,1699.23,PayPal,2024-01-05 09:28:10,Shipped
316683,CA-2016-000465,P-00301,4,1098.79,Credit Card,2024-02-16 09:28:10,Cancelled
945393,CA-2016-000201,P-00578,4,896.33,Cash on Delivery,2024-02-13 09:28:10,Cancelled
641476,CA-2016-000489,P-00566,5,4427.67,Cash on Delivery,2024-07-22 09:28:10,Pending
653145,CA-2016-000270,P-00080,1,451.28,PayPal,2023-09-03 09:28:10,Pending
741564,CA-2016-000037,P-00768,3,1633.35,Cash on Delivery,2023-09-11 09:28:10,Cancelled
247892,CA-2016-000302,P-00639,1,612.79,Cash on Delivery,2024-05-15 09:28:10,Pending
234359,CA-2016-000661,P-00175,4,1554.63,Cash on Delivery,2024-05-30 09:28:10,Delivered
518214,CA-2016-000991,P-00121,1,426.43,PayPal,2023-10-08 09:28:10,Cancelled
393461,CA-2016-000556,P-00063,3,722.41,Cash on Delivery,2024-06-19 09:28:10,Shipped
593354,CA-2016-000077,P-00724,4,1378.73,Cash on Delivery,2023-11-26 09:28:10,Cancelled
919645,CA-2016-000021,P-00801,1,180.32,Cash on Delivery,2024-06-21 09:28:10,Cancelled
651551,CA-2016-000545,P-00899,5,2374.66,Debit Card,2023-10-06 09:28:10,Delivered
316963,CA-2016-000648,P-00506,5,2198.9,Cash on Delivery,2023-09-24 09:28:10,Cancelled
203836,CA-2016-000602,P-00227,4,1749.14,Cash on Delivery,2023-09-01 09:28:10,Shipped
161921,CA-2016-000653,P-00783,1,252.7,Credit Card,2024-06-05 09:28:10,Pending
557104,CA-2016-000154,P-00200,2,449.55,PayPal,2023-11-21 09:28:10,Delivered
592277,CA-2016-000785,P-00412,1,520.54,PayPal,2024-07-21 09:28:10,Delivered
859267,CA-2016-000403,P-00381,5,3828.42,Cash on Delivery,2023-11-22 09:28:10,Shipped
173476,CA-2016-000018,P-00070,5,4284.67,Credit Card,2024-01-24 09:28:10,Shipped
486628,CA-2016-000766,P-00125,5,2335.58,PayPal,2024-05-30 09:28:10,Shipped
754847,CA-2016-000872,P-00360,4,2915.48,Credit Card,2023-11-10 09:28:10,Delivered
892146,CA-2016-000205,P-00482,3,952.41,Debit Card,2024-03-11 09:28:10,Cancelled
781173,CA-2016-000435,P-00851,2,621.3,Credit Card,2024-04-12 09:28:10,Cancelled
734719,CA-2016-000929,P-00080,2,144.78,Cash on Delivery,2024-04-20 09:28:10,Pending
242408,CA-2016-000755,P-00700,2,1278.28,Cash on Delivery,2024-08-05 09:28:10,Pending
212026,CA-2016-000152,P-00688,2,1705.02,Credit Card,2023-12-14 09:28:10,Cancelled
878473,CA-2016-000815,P-00070,1,471.78,PayPal,2024-01-08 09:28:10,Delivered
178646,CA-2016-000773,P-00093,1,161.78,Debit Card,2023-09-07 09:28:10,Shipped
703588,CA-2016-000829,P-00117,4,919.92,PayPal,2023-12-05 09:28:10,Cancelled
444519,CA-2016-000427,P-00293,3,1634.43,Credit Card,2024-01-15 09:28:10,Delivered
970202,CA-2016-000432,P-00586,5,1678.69,Credit Card,2024-07-24 09:28:10,Pending
725433,CA-2016-000366,P-00913,4,433.52,Credit Card,2024-02-24 09:28:10,Pending
147755,CA-2016-000092,P-00386,5,3314.5,Debit Card,2024-03-06 09:28:10,Shipped
351695,CA-2016-000324,P-00783,4,2152.8,Debit Card,2024-07-31 09:28:10,Delivered
807166,CA-2016-000564,P-00409,4,1512.2,Debit Card,2023-12-17 09:28:10,Delivered
520963,CA-2016-000194,P-00908,2,881.92,Credit Card,2023-10-16 09:28:10,Delivered
748981,CA-2016-000561,P-00655,2,681.58,Credit Card,2024-07-25 09:28:10,Pending
438125,CA-2016-000405,P-00098,3,1763.69,Credit Card,2024-07-20 09:28:10,Delivered
586181,CA-2016-000365,P-00655,1,22.23,Debit Card,2023-08-31 09:28:10,Delivered
868523,CA-2016-000696,P-00486,5,1846.99,PayPal,2024-04-05 09:28:10,Delivered
706615,CA-2016-000834,P-00113,1,402.23,PayPal,2024-03-18 09:28:10,Delivered
168723,CA-2016-000752,P-00203,2,1655.58,PayPal,2023-11-21 09:28:10,Pending
406139,CA-2016-000106,P-00825,5,2696.42,Debit Card,2023-10-23 09:28:10,Cancelled
757743,CA-2016-000796,P-00649,5,4956.17,Cash on Delivery,2024-04-22 09:28:10,Cancelled
620142,CA-2016-000238,P-00670,3,964.88,Debit Card,2023-10-15 09:28:10,Shipped
975713,CA-2016-000384,P-00615,3,2542.91,Credit Card,2024-02-25 09:28:10,Cancelled
450476,CA-2016-000566,P-00844,2,1153.1,PayPal,2024-01-19 09:28:10,Delivered
255871,CA-2016-000456,P-00374,3,1462.68,Cash on Delivery,2023-10-30 09:28:10,Pending
885458,CA-2016-000996,P-00347,1,94.39,Debit Card,2024-05-25 09:28:10,Delivered
199968,CA-2016-000985,P-00264,1,36.11,Debit Card,2023-11-07 09:28:10,Cancelled
954703,CA-2016-000392,P-00454,2,97.97,Debit Card,2024-05-04 09:28:10,Pending
796401,CA-2016-000055,P-00282,5,4920.46,Credit Card,2024-07-29 09:28:10,Cancelled
234096,CA-2016-000072,P-00883,1,700.91,PayPal,2024-02-10 09:28:10,Pending
431415,CA-2016-000707,P-00639,3,506.89,Credit Card,2024-03-17 09:28:10,Delivered
561012,CA-2016-000295,P-00114,4,309.88,PayPal,2023-11-26 09:28:10,Delivered
984579,CA-2016-000619,P-00639,4,734.31,PayPal,2023-10-03 09:28:10,Cancelled
919895,CA-2016-001000,P-00715,2,162.53,Credit Card,2023-12-15 09:28:10,Pending
130864,CA-2016-000274,P-00527,1,913.79,Debit Card,2024-07-15 09:28:10,Pending
804702,CA-2016-000056,P-00424,5,4218.16,Debit Card,2023-11-03 09:28:10,Cancelled
623442,CA-2016-000468,P-00276,3,2175.07,Cash on Delivery,2023-12-21 09:28:10,Shipped
605639,CA-2016-000079,P-00192,5,1179.75,Debit Card,2024-03-05 09:28:10,Delivered
422271,CA-2016-000883,P-00567,3,2987.01,Credit Card,2023-10-19 09:28:10,Pending
664310,CA-2016-000729,P-00177,5,2237.63,PayPal,2024-02-20 09:28:10,Pending
569654,CA-2016-000796,P-00332,3,2573.82,Credit Card,2023-11-18 09:28:10,Shipped
505937,CA-2016-000327,P-00728,4,187.85,PayPal,2024-02-29 09:28:10,Delivered
795302,CA-2016-000422,P-00223,2,1196.87,PayPal,2024-05-22 09:28:10,Shipped
489637,CA-2016-000073,P-00840,4,408.81,Cash on Delivery,2023-12-24 09:28:10,Pending
387608,CA-2016-000196,P-00999,5,1187.09,Credit Card,2024-07-21 09:28:10,Pending
836182,CA-2016-000720,P-00660,1,565.07,Cash on Delivery,2024-05-02 09:28:10,Pending
848282,CA-2016-000112,P-00620,1,984.71,Cash on Delivery,2024-01-30 09:28:10,Pending
778997,CA-2016-000366,P-00585,1,807.44,Credit Card,2023-10-13 09:28:10,Shipped
139018,CA-2016-000967,P-00207,2,1438.37,Credit Card,2024-01-03 09:28:10,Cancelled
524671,CA-2016-000222,P-00243,3,2599.37,Credit Card,2024-05-17 09:28:10,Pending
778335,CA-2016-000281,P-00107,3,2920.94,Credit Card,2024-07-30 09:28:10,Shipped
911912,CA-2016-000247,P-00086,1,750.29,Cash on Delivery,2024-08-19 09:28:10,Delivered
518274,CA-2016-000256,P-00724,2,1333.62,PayPal,2023-09-26 09:28:10,Cancelled
144202,CA-2016-000829,P-00427,1,388.87,Debit Card,2023-12-06 09:28:10,Cancelled
294774,CA-2016-000478,P-00528,4,3519.45,Credit Card,2024-06-25 09:28:10,Shipped
990106,CA-2016-000279,P-00793,2,1772.74,Credit Card,2024-07-15 09:28:10,Shipped
343850,CA-2016-000838,P-00240,1,395.11,Cash on Delivery,2024-08-19 09:28:10,Delivered
664369,CA-2016-000663,P-00796,5,689.14,Debit Card,2023-10-02 09:28:10,Pending
560266,CA-2016-000210,P-00078,4,2101.04,Credit Card,2024-04-01 09:28:10,Delivered
245121,CA-2016-000899,P-00058,1,72.51,Cash on Delivery,2023-10-28 09:28:10,Pending
673912,CA-2016-000983,P-00145,1,573.1,Cash on Delivery,2024-03-06 09:28:10,Pending
337683,CA-2016-000874,P-00641,2,450.77,Debit Card,2023-12-11 09:28:10,Shipped
464436,CA-2016-000486,P-00319,3,555.47,Cash on Delivery,2024-08-17 09:28:10,Pending
926120,CA-2016-000683,P-00067,4,2417.6,Credit Card,2023-10-15 09:28:10,Pending
796993,CA-2016-000516,P-00264,1,134.79,Cash on Delivery,2024-01-11 09:28:10,Pending
623238,CA-2016-000335,P-00123,5,327.39,PayPal,2023-09-29 09:28:10,Shipped
172501,CA-2016-000358,P-00617,2,529.4,PayPal,2023-12-23 09:28:10,Cancelled
684473,CA-2016-000113,P-00471,1,753.27,PayPal,2023-11-28 09:28:10,Delivered
795231,CA-2016-000063,P-00804,2,1645.99,Cash on Delivery,2023-11-13 09:28:10,Shipped
602257,CA-2016-000776,P-00879,1,244.59,PayPal,2024-06-03 09:28:10,Pending
445845,CA-2016-000741,P-00256,3,2883.99,Debit Card,2024-06-15 09:28:10,Pending
240636,CA-2016-000059,P-00551,5,3962.47,Debit Card,2023-10-19 09:28:10,Pending
755179,CA-2016-000120,P-00988,3,1753.48,Credit Card,2024-06-22 09:28:10,Shipped
794924,CA-2016-000452,P-00874,4,1940.87,Debit Card,2024-04-27 09:28:10,Shipped
986768,CA-2016-000294,P-00599,4,681.01,Cash on Delivery,2024-01-30 09:28:10,Pending
548442,CA-2016-000901,P-00684,4,634.31,Debit Card,2024-07-09 09:28:10,Cancelled
719447,CA-2016-000886,P-00204,1,457.05,Debit Card,2024-02-25 09:28:10,Pending
731024,CA-2016-000177,P-00358,1,146.67,Credit Card,2023-10-09 09:28:10,Delivered
686691,CA-2016-000655,P-00328,3,1484.2,Debit Card,2024-01-12 09:28:10,Cancelled
394619,CA-2016-000694,P-00972,3,1082.66,Credit Card,2024-07-25 09:28:10,Pending
369654,CA-2016-000580,P-00255,3,2129.67,Debit Card,2024-07-06 09:28:10,Cancelled
822238,CA-2016-000725,P-00763,4,3843.87,Credit Card,2023-11-06 09:28:10,Delivered
388623,CA-2016-000902,P-00582,1,541.9,Debit Card,2024-01-20 09:28:10,Pending
332042,CA-2016-000487,P-00463,1,259.46,Debit Card,2024-05-11 09:28:10,Shipped
323579,CA-2016-000020,P-00877,4,1437.34,Cash on Delivery,2024-08-24 09:28:10,Delivered
129259,CA-2016-000407,P-00316,3,2626.3,Credit Card,2023-11-18 09:28:10,Shipped
875232,CA-2016-000745,P-00440,5,3140.07,Debit Card,2023-12-26 09:28:10,Pending
807981,CA-2016-000112,P-00262,4,574.56,Cash on Delivery,2024-04-22 09:28:10,Pending
114771,CA-2016-000253,P-00764,1,938.36,Cash on Delivery,2024-06-10 09:28:10,Shipped
796368,CA-2016-000427,P-00917,1,302.57,Debit Card,2024-04-22 09:28:10,Pending
814081,CA-2016-000402,P-00186,2,69.82,Credit Card,2024-01-26 09:28:10,Pending
137750,CA-2016-000031,P-00670,3,2154.61,Debit Card,2024-03-12 09:28:10,Shipped
596942,CA-2016-000825,P-00109,2,1090.95,Cash on Delivery,2023-08-31 09:28:10,Delivered
875207,CA-2016-000954,P-00572,5,3279.08,Cash on Delivery,2024-04-14 09:28:10,Delivered
823357,CA-2016-000239,P-00664,2,300.08,Credit Card,2024-06-03 09:28:10,Cancelled
483587,CA-2016-000263,P-00558,2,1268.72,PayPal,2024-05-09 09:28:10,Pending
350672,CA-2016-000833,P-00117,4,2621.46,Debit Card,2023-12-16 09:28:10,Delivered
737810,CA-2016-000934,P-00355,2,1074.52,Cash on Delivery,2023-12-31 09:28:10,Delivered
301153,CA-2016-000268,P-00884,3,1530.43,Credit Card,2024-02-02 09:28:10,Delivered
119095,CA-2016-000420,P-00765,4,3476.87,Credit Card,2024-04-23 09:28:10,Delivered
171908,CA-2016-000920,P-00927,3,1866.58,PayPal,2023-09-23 09:28:10,Shipped
212384,CA-2016-000229,P-00604,3,756.93,Debit Card,2023-11-11 09:28:10,Pending
348687,CA-2016-000890,P-00549,1,813.17,PayPal,2023-11-08 09:28:10,Pending
180923,CA-2016-000696,P-00008,5,3035.55,Debit Card,2023-09-23 09:28:10,Delivered
409264,CA-2016-000553,P-00407,4,3780.15,Credit Card,2024-02-13 09:28:10,Delivered
632287,CA-2016-000849,P-00320,5,2744.73,Credit Card,2024-01-30 09:28:10,Pending
673522,CA-2016-000377,P-00932,3,2276.86,Cash on Delivery,2023-11-21 09:28:10,Pending
872998,CA-2016-000181,P-00297,4,3810.84,Debit Card,2024-05-21 09:28:10,Shipped
965618,CA-2016-000193,P-00377,1,682.95,Debit Card,2024-07-25 09:28:10,Delivered
308423,CA-2016-000342,P-00357,2,911.24,Cash on Delivery,2024-07-11 09:28:10,Pending
272949,CA-2016-000866,P-00445,5,3584.93,Credit Card,2023-09-15 09:28:10,Shipped
174919,CA-2016-000610,P-00102,5,463.06,Credit Card,2024-04-15 09:28:10,Shipped
597890,CA-2016-000652,P-00598,5,4334.5,Debit Card,2024-02-27 09:28:10,Pending
471232,CA-2016-000379,P-00840,5,4130.5,Debit Card,2024-06-05 09:28:10,Delivered
945701,CA-2016-000930,P-00462,3,1344.13,PayPal,2023-12-10 09:28:10,Delivered
654370,CA-2016-000244,P-00054,5,322.98,PayPal,2024-07-24 09:28:10,Shipped
743541,CA-2016-000570,P-00939,5,4134.31,Credit Card,2023-09-05 09:28:10,Cancelled
446398,CA-2016-000691,P-00197,2,1551.72,PayPal,2024-03-26 09:28:10,Shipped
106625,CA-2016-000867,P-00416,5,4103.3,Credit Card,2023-09-05 09:28:10,Delivered
696028,CA-2016-000620,P-00164,3,212.62,Debit Card,2024-05-20 09:28:10,Delivered
982280,CA-2016-000266,P-00212,1,536.73,Debit Card,2023-09-10 09:28:10,Cancelled
828248,CA-2016-000927,P-00618,4,250.4,Credit Card,2024-07-28 09:28:10,Pending
793290,CA-2016-000860,P-00402,3,1455.94,Credit Card,2024-06-16 09:28:10,Shipped
164484,CA-2016-000693,P-00010,2,515.38,Debit Card,2024-02-16 09:28:10,Delivered
944580,CA-2016-000519,P-00729,3,580.39,Debit Card,2023-11-01 09:28:10,Delivered
188432,CA-2016-000108,P-00372,4,612.71,Cash on Delivery,2024-05-27 09:28:10,Delivered
421860,CA-2016-000024,P-00584,4,2480.58,Credit Card,2023-11-19 09:28:10,Pending
917721,CA-2016-000755,P-00932,1,254.92,Cash on Delivery,2023-10-13 09:28:10,Cancelled
455538,CA-2016-000982,P-00532,5,2753.67,Credit Card,2024-07-20 09:28:10,Cancelled
149839,CA-2016-000104,P-00175,4,411.07,Cash on Delivery,2024-02-26 09:28:10,Delivered
565714,CA-2016-000517,P-00021,1,928.49,Debit Card,2024-04-04 09:28:10,Delivered
234864,CA-2016-000349,P-00517,4,1624.88,Debit Card,2023-12-20 09:28:10,Delivered
649529,CA-2016-000133,P-00921,5,3646.4,PayPal,2023-12-11 09:28:10,Delivered
714790,CA-2016-000864,P-00249,5,2646.51,Cash on Delivery,2024-07-05 09:28:10,Pending
732453,CA-2016-000757,P-00590,4,2654.74,Cash on Delivery,2023-10-25 09:28:10,Shipped
594028,CA-2016-000626,P-00024,1,215.8,Credit Card,2023-10-12 09:28:10,Shipped
156657,CA-2016-000353,P-00747,5,214.65,Credit Card,2023-10-10 09:28:10,Shipped
247016,CA-2016-000116,P-00907,4,3796.53,Debit Card,2024-04-02 09:28:10,Delivered
901144,CA-2016-000102,P-00179,1,583.54,Credit Card,2023-10-07 09:28:10,Delivered
772937,CA-2016-000748,P-00473,1,630.93,Cash on Delivery,2023-11-27 09:28:10,Delivered
643432,CA-2016-000578,P-00853,1,646.37,Cash on Delivery,2024-07-02 09:28:10,Delivered
942423,CA-2016-000309,P-00375,1,906.32,Cash on Delivery,2023-09-28 09:28:10,Shipped
920527,CA-2016-000305,P-00183,3,321.98,Debit Card,2024-07-22 09:28:10,Pending
395515,CA-2016-000679,P-00542,4,1734.51,Debit Card,2024-03-05 09:28:10,Cancelled
869266,CA-2016-000322,P-00311,2,764.92,Cash on Delivery,2023-11-16 09:28:10,Shipped
118533,CA-2016-000983,P-00920,4,1710.51,PayPal,2024-04-10 09:28:10,Delivered
261649,CA-2016-000652,P-00134,3,1929.08,Cash on Delivery,2024-05-04 09:28:10,Cancelled
161013,CA-2016-000107,P-00605,3,1516.56,Credit Card,2023-10-24 09:28:10,Delivered
300074,CA-2016-000379,P-00080,3,1173.77,Cash on Delivery,2024-03-08 09:28:10,Pending
814610,CA-2016-000952,P-00660,4,3850.87,Cash on Delivery,2024-05-25 09:28:10,Delivered
626661,CA-2016-000695,P-00366,4,3819.82,PayPal,2023-09-29 09:28:10,Shipped
859902,CA-2016-000776,P-00283,4,3028.11,Credit Card,2023-10-01 09:28:10,Cancelled
246788,CA-2016-000716,P-00259,4,1503.14,Debit Card,2023-09-08 09:28:10,Shipped
944727,CA-2016-000641,P-00927,3,344.59,PayPal,2024-04-15 09:28:10,Cancelled
315211,CA-2016-000364,P-00601,5,3682.56,Cash on Delivery,2024-03-24 09:28:10,Delivered
423762,CA-2016-000089,P-00009,1,262.79,Cash on Delivery,2024-08-25 09:28:10,Delivered
723124,CA-2016-000287,P-00906,2,1834.05,PayPal,2024-03-17 09:28:10,Delivered
682482,CA-2016-000897,P-00178,3,698.12,PayPal,2023-10-31 09:28:10,Pending
497426,CA-2016-000280,P-00702,2,343.38,PayPal,2024-05-09 09:28:10,Cancelled
154578,CA-2016-000254,P-00466,2,1958.29,Cash on Delivery,2024-05-18 09:28:10,Delivered
458925,CA-2016-000362,P-00873,2,674.93,Credit Card,2024-07-02 09:28:10,Cancelled
913115,CA-2016-000125,P-00495,2,1141.38,Cash on Delivery,2024-04-06 09:28:10,Pending
989467,CA-2016-000413,P-00807,1,683.91,Credit Card,2024-07-26 09:28:10,Shipped
122040,CA-2016-000680,P-00706,3,67.4,Debit Card,2024-07-24 09:28:10,Shipped
805142,CA-2016-000213,P-00256,4,345.93,Debit Card,2024-04-21 09:28:10,Shipped
443444,CA-2016-000396,P-00760,1,713.55,PayPal,2023-12-07 09:28:10,Pending
428649,CA-2016-000557,P-00904,4,1313.36,PayPal,2024-03-05 09:28:10,Pending
770082,CA-2016-000979,P-00527,4,331.18,Cash on Delivery,2024-03-27 09:28:10,Pending
343760,CA-2016-000060,P-00563,2,1230.78,Credit Card,2023-11-19 09:28:10,Shipped
178801,CA-2016-000744,P-00643,1,231.05,Cash on Delivery,2024-02-02 09:28:10,Cancelled
995721,CA-2016-000537,P-00692,4,1194.4,PayPal,2024-06-24 09:28:10,Shipped
689615,CA-2016-000741,P-00739,1,330.23,Credit Card,2023-11-26 09:28:10,Shipped
910816,CA-2016-000458,P-00551,2,958.96,Cash on Delivery,2023-10-10 09:28:10,Delivered
540322,CA-2016-000915,P-00127,2,939.23,PayPal,2023-12-27 09:28:10,Delivered
534266,CA-2016-000639,P-00847,1,404.05,Debit Card,2023-08-28 09:28:10,Cancelled
979363,CA-2016-000098,P-00376,4,3075.17,PayPal,2023-08-30 09:28:10,Delivered
728576,CA-2016-000050,P-00994,5,3253.44,Credit Card,2023-08-30 09:28:10,Pending
712167,CA-2016-000987,P-00145,4,1224.73,Cash on Delivery,2024-05-26 09:28:10,Shipped
957931,CA-2016-000263,P-00816,2,277.32,Credit Card,2024-01-02 09:28:10,Shipped
841880,CA-2016-000394,P-00370,3,1018.28,Credit Card,2023-09-25 09:28:10,Shipped
705777,CA-2016-000522,P-00824,5,4895.37,Credit Card,2024-04-23 09:28:10,Cancelled
373863,CA-2016-000238,P-00432,3,1250.97,Credit Card,2024-01-12 09:28:10,Cancelled
252706,CA-2016-000403,P-00283,3,2698.64,Debit Card,2024-06-14 09:28:10,Pending
212794,CA-2016-000455,P-00471,2,1570.38,Credit Card,2024-07-15 09:28:10,Delivered
433750,CA-2016-000264,P-00430,5,2530.65,Debit Card,2024-01-11 09:28:10,Delivered
854928,CA-2016-000294,P-00210,5,1283.63,Debit Card,2024-03-03 09:28:10,Delivered
785102,CA-2016-000835,P-00544,3,1510.93,PayPal,2024-07-03 09:28:10,Shipped
818223,CA-2016-000685,P-00972,3,921.93,Debit Card,2024-01-09 09:28:10,Shipped
723064,CA-2016-000078,P-00380,3,2107.74,PayPal,2024-02-05 09:28:10,Delivered
525015,CA-2016-000020,P-00941,1,423.67,Cash on Delivery,2023-10-04 09:28:10,Pending
217562,CA-2016-000249,P-00355,2,1715.52,Credit Card,2023-10-26 09:28:10,Cancelled
356026,CA-2016-000409,P-00581,1,341.09,Credit Card,2023-10-07 09:28:10,Shipped
244148,CA-2016-000323,P-00737,3,179.51,PayPal,2024-04-29 09:28:10,Delivered
626600,CA-2016-000902,P-00171,3,1867.44,Debit Card,2024-07-11 09:28:10,Cancelled
345072,CA-2016-000075,P-00595,1,244.53,PayPal,2024-08-07 09:28:10,Pending
952235,CA-2016-000253,P-00977,3,2688.92,Credit Card,2024-08-01 09:28:10,Delivered
679457,CA-2016-000499,P-00917,3,1693.2,PayPal,2023-12-12 09:28:10,Delivered
569471,CA-2016-000263,P-00067,3,2967.29,Debit Card,2023-12-19 09:28:10,Shipped
800230,CA-2016-000458,P-00705,3,2246.83,Cash on Delivery,2024-01-17 09:28:10,Shipped
406106,CA-2016-000333,P-00629,1,63.87,Cash on Delivery,2024-08-16 09:28:10,Delivered
419703,CA-2016-000864,P-00392,2,1288.66,Debit Card,2023-12-07 09:28:10,Cancelled
159574,CA-2016-000539,P-00887,4,1148.01,PayPal,2024-07-29 09:28:10,Shipped
815910,CA-2016-000884,P-00752,4,634.58,Credit Card,2023-10-06 09:28:10,Delivered
830288,CA-2016-000586,P-00110,2,380.33,PayPal,2023-11-19 09:28:10,Cancelled
288384,CA-2016-000228,P-00931,5,492.89,PayPal,2024-01-13 09:28:10,Delivered
559108,CA-2016-000432,P-00071,2,634.99,Credit Card,2023-12-15 09:28:10,Delivered
406011,CA-2016-000325,P-00587,2,341.32,Credit Card,2024-04-29 09:28:10,Cancelled
505957,CA-2016-000855,P-00838,1,735.05,Debit Card,2023-12-25 09:28:10,Pending
838239,CA-2016-000677,P-00264,3,1934.65,Debit Card,2024-04-29 09:28:10,Delivered
472003,CA-2016-000168,P-00320,3,2946.9,Cash on Delivery,2023-11-02 09:28:10,Shipped
454690,CA-2016-000796,P-00986,2,1882.67,PayPal,2023-10-13 09:28:10,Delivered
600888,CA-2016-000042,P-00860,1,296.01,Credit Card,2024-03-17 09:28:10,Shipped
551683,CA-2016-000724,P-00571,1,752.88,PayPal,2024-04-24 09:28:10,Cancelled
360448,CA-2016-000918,P-00833,2,1790.74,PayPal,2024-03-16 09:28:10,Shipped
886128,CA-2016-000732,P-00304,3,223.04,Credit Card,2024-01-20 09:28:10,Pending
692247,CA-2016-000800,P-00531,5,3926.91,Cash on Delivery,2024-01-07 09:28:10,Pending
834208,CA-2016-000708,P-00516,1,608.49,Credit Card,2023-11-02 09:28:10,Pending
495791,CA-2016-000265,P-00475,4,2354.39,Credit Card,2024-02-04 09:28:10,Shipped
882542,CA-2016-000486,P-00748,1,908.39,PayPal,2023-09-03 09:28:10,Cancelled
400846,CA-2016-000770,P-00549,4,537.57,PayPal,2024-05-19 09:28:10,Shipped
